225c2228-9598-4a68-9dc1-5f8f2081e5a5,,33fcf03d-b8cb-489b-a2a3-ac15828b2c3e,1556.76,EUR,2024-01-15 15:45:23.089417
23d00694-2c03-4a15-940b-bfeb2ef9b77f,,,,,2024-01-15 15:48:05.837014
7cae46fd-d713-42be-bfac-0934a4c0a9c3,,,,,2024-01-15 15:55:16.587228
9402086f-c4cc-4f68-9c31-8ca39677a5a6,,,,,2024-01-15 16:02:40.318242
9675884f-6594-496b-b26c-0b604dcd1e9a,,,,,2024-01-15 16:02:39.266908
75eda901-7b79-43da-bf48-be43f0cf3dc0,,,,,2024-01-15 16:06:34.360950
a68b7358-43ce-46c5-b27d-3170c746397b,,,,,2024-01-18 00:24:36.909117
12667167-1f49-48a5-a19f-1bda46d96244,,,,,2024-01-15 16:02:54.302571
09246b81-c225-41e2-8f50-4262b18601a9,,,,,2024-01-15 16:13:31.419921
32feb493-06be-4b2a-9f90-4270a13048c8,,,,,2024-01-15 16:15:33.096243
c381d197-0d8c-40c6-9a6e-1cf5d4afcedb,,,,,2024-01-15 15:57:41.036419
f7689e31-c8e6-4e8b-bc26-05f2e232eafa,,,,,2024-01-15 16:21:22.387386
3daf84f3-ba68-4301-911a-44264603bee3,,,,,2024-01-15 16:13:54.211565
faf41e60-734f-4ea4-9877-48407a4b7b8f,,,,,2024-01-15 16:16:08.836282
13f4a8ce-bedc-4467-a4c1-49ee8bb7bb0e,,,,,2024-01-15 16:14:27.503945
2c57c8d8-9c86-45bf-8506-f9ffde7b99c9,,,,,2024-01-15 16:15:48.047678
92f2c1d7-824d-43b6-8984-82fffe71b598,,,,,2024-01-15 16:08:06.840358
9c10ce3e-81d7-43d2-bcbf-2544b65bb596,,,,,2024-01-15 16:15:18.376976
b48759d6-8cbe-4f57-9bf6-2cd428dd0a96,,,,,2024-01-15 16:15:58.724352
9f3b6d1e-41b2-4874-90d8-4692846075ae,,,,,2024-01-15 15:52:03.232447
1cf9f28e-8aa3-4ada-a71b-dac491ce18fc,,,,,2024-01-15 16:00:46.169006
a5b7abf8-23c4-4085-ac8c-5496142b5360,,,,,2024-01-15 16:05:26.458974
fddc8135-c10f-4406-a4dc-4103c7716379,,,,,2024-01-15 16:02:05.022210
8d976446-bee8-4109-80fb-e32dbfef520d,,,,,2024-01-15 16:05:58.556079
53cdb175-c324-46d0-905a-3d278e636ac8,,,,,2024-01-15 15:46:52.531064
2bd87cd1-578d-4275-95a0-763709cfb74b,,,,,2024-01-15 16:01:07.166202
29cf0eb8-81d8-40ef-a204-8a87a876d1c8,,,,,2024-01-15 16:16:33.025792
2e89b035-a46d-4a4e-a8a0-78b11fd611d0,,,,,2024-01-26 15:25:05.018568
a03f8827-f561-4e39-bd2c-029546de8da9,,,,,2024-01-15 16:13:00.852931
0916a512-3a37-4256-ac4b-994eb643ddb8,,,,,2024-01-15 16:16:51.152183
cb16a981-c70e-48ec-8626-fb75ccde29e4,,,,,2024-01-15 16:19:52.737374
31e1b745-ffd0-499e-8844-53c98654d294,,,,,2024-01-17 16:37:42.257760
324edb1c-a382-46c2-93d3-f3bb33ff533d,,,,,2024-01-17 16:37:16.228519
bfc00ab4-f624-4ba1-a8e8-18d6a29dc694,,,,,2024-01-17 19:59:17.457942
96fc9158-2c55-41aa-ab19-f79086b902c9,,,,,2024-01-17 20:03:41.164371
f96762ad-2ed3-4c27-9616-0a0ec80bc72a,,,,,2024-01-17 22:23:40.889051
2b10df8b-01da-440f-bb48-e9fdc9c42af0,,,,,2024-01-18 06:34:32.218229
daa80800-1be7-4a27-baf4-f7b210c6bcfa,,,,,2024-01-18 00:48:02.404224
a8558c50-45ca-4b1d-a39e-1bb00d996562,,,,,2024-01-18 02:47:53.292493
136dee48-727f-4e8e-bce9-d98765fe1944,,,,,2024-01-18 06:29:36.261619
ed580502-1b6f-48f8-b51e-4bab100440a8,,,,,2024-01-18 15:08:47.750953
520a0f79-fa04-4f81-819b-edd785e5c6d8,,,,,2024-01-18 18:25:58.981012
11a4c417-a49f-4f6c-95b6-f71c46eeeade,,,,,2024-01-18 13:29:56.908228
90a4efa1-3c80-4534-862d-ff722d9e9233,,,,,2024-01-18 15:09:55.782891
3b7711ae-a4cd-4392-9f57-8b9873730734,,,,,2024-01-18 18:50:08.471232
68b90149-7f01-4219-8dca-ce53727e6f68,,,,,2024-01-18 19:33:58.867099
edecc4ae-8f0f-46ed-9fcf-b88e0ef19986,,,,,2024-01-18 19:03:59.899538
be0ffbad-4cd8-4ba9-8c53-4496e9591e4c,,,,,2024-01-18 18:44:40.204224
0268a2f8-2384-46f6-bd61-8b04447f91a2,,,,,2024-01-18 08:53:05.853851
4c4cd4af-f83a-4da3-950d-16b1b572ec39,,,,,2024-01-18 00:44:59.906016
2e3658fa-32de-4765-b698-e1ed31f80854,,,,,2024-01-18 09:09:44.510635
e0dbda88-b816-4187-b3ea-7a70115fd8c8,,,,,2024-01-17 12:54:10.323810
5affa477-58ce-412a-85a3-cc55f7ef1755,,,,,2024-01-15 16:10:04.441132
4d15d9ea-e549-4881-8e8d-513871f20017,,,,,2024-01-15 16:14:15.493290
593ed3f5-2d0c-495a-beaf-3fa06ccec515,,,,,2024-01-15 16:14:13.783759
ec2751f6-c0c0-4f31-8650-c2c74d2d2e3d,,,,,2024-01-15 16:24:37.662569
388fe1db-54dc-4aa6-8522-793abfa88d35,,,,,2024-01-15 16:25:43.439231
55f4a5dc-e5c0-4a65-9d1a-c80711419876,,,,,2024-01-15 16:14:32.271412
7958a1b8-35d9-4c1f-a3d5-2f808f6b01d9,,,,,2024-01-15 16:08:53.386932
21f39dca-1861-4723-8e62-3b1e90ea1b9a,,,,,2024-01-15 16:32:47.927375
9123aef1-46f8-40e1-8cc8-5b64aa290543,,,,,2024-01-15 16:19:17.824687
f7d7115e-5ae1-421a-a371-5222fc2ebb22,,,,,2024-01-15 16:26:34.655512
6c6ac3ab-6b03-41ea-9d3c-df03ba085df3,,,,,2024-01-15 16:29:19.889042
88240f7d-7d0f-4ee5-b78b-e352c21c6150,,,,,2024-01-15 16:24:06.611774
6f6054a3-d66e-48a7-b7c0-59500b4ccce3,,,,,2024-01-15 16:14:37.316769
c2857041-66c1-4465-9929-47bf3b8f2cc2,,,,,2024-01-15 16:30:47.997609
4cfbf565-8aa0-4093-be59-d4e46ceac2a4,,,,,2024-01-15 16:29:36.245211
9ed3fc4d-5b7d-4a38-8b2a-a5c0b2384649,,,,,2024-01-15 16:11:46.648405
6cfb181e-8d2a-4a8b-8284-f5049db4e1c8,,,,,2024-01-15 17:04:41.178119
adc91328-4fc7-4c5c-b438-867c0a37ec98,,,,,2024-01-15 17:08:33.934837
a16cb1a8-47d6-4985-b107-07c5b9778ba8,,,,,2024-01-15 17:11:00.457678
78e71852-96ad-4a12-8fb5-bde9ac9352f7,,,,,2024-01-15 16:30:34.662241
d6e1941a-c633-4f63-8dd0-ff0e40d6e3cb,,,,,2024-01-15 17:04:49.566522
aad4f8c1-59a2-4dfa-ad69-61460c2cd59d,,,,,2024-01-15 17:05:09.833889
887365b2-0bb4-4897-9544-579f609fc9c4,,,,,2024-01-15 16:34:38.028078
68279895-a5a5-45d0-a679-a5f232534fd0,,,,,2024-01-15 17:02:56.453652
63abaf48-5bd7-445a-b8e5-9ede9c6be9c5,,,,,2024-01-15 16:43:16.233217
370af6d4-e7d3-462c-b43e-6960ee8bec88,,,,,2024-01-16 06:00:31.438002
b9cb6ef6-99f7-41dc-a5d3-fa5358fbb3d5,,,,,2024-01-15 16:15:23.785968
58d70831-fb82-4fa2-ae72-b9adca83e944,,,,,2024-01-15 17:09:01.274265
96b14e73-902c-43c3-8221-20e6d0a7aba7,,,,,2024-01-25 13:56:52.588252
218dfd04-864a-4f11-897a-568ac9631377,,,,,2024-01-17 16:48:47.001723
68e63144-734d-44b2-8445-e8fe34a8f45a,,,,,2024-01-17 16:59:22.486892
0c56aa88-2454-40f4-9527-68981caaaa8c,,,,,2024-01-17 20:24:18.735322
f66c4a1d-a3a7-4b8a-a203-6655f0ea79b6,,,,,2024-01-18 07:00:16.619999
ac8e1e65-d972-422c-9ecd-6dff6e7262fd,,,,,2024-01-17 20:31:39.381876
842ea94a-ee87-4d35-9f2a-fff2f0a2d3f0,,,,,2024-01-17 20:29:57.403991
6bad2ba9-5de1-4aad-bdd1-c9184ce27220,,,,,2024-01-17 22:33:54.957812
d3f57efa-95a7-4bf4-a8b3-fa37cf7702cf,,,,,2024-01-17 22:37:28.631411
883fef1f-7540-499b-a53e-651f6864fdbb,,,,,2024-01-18 00:46:57.534903
140bbc99-2ca2-403a-81f1-f1974ed37af0,,,,,2024-01-18 11:28:57.890258
64c922bf-670e-4f92-935f-3bfbf78bf537,,,,,2024-01-18 15:15:39.453296
099358c4-9788-4be6-b0d5-c4b67823f89c,,,,,2024-01-17 22:42:09.673346
abc46bf9-10d8-4722-a380-7ed0e0fa5ee1,,,,,2024-01-18 13:40:47.938690
3ca2e83a-ae39-44a5-b200-3640c2a0a23d,,,,,2024-01-18 19:05:04.269567
c6d2c8a6-dab0-4b0a-803b-11f5841a1bb0,,,,,2024-01-17 20:52:25.571642
01f86fc4-b3c0-4e3c-9abc-fb181bbb42c2,,,,,2024-01-18 05:13:04.963828
39ea5a94-c9dd-4685-b0f9-f2f9081a6587,,,,,2024-01-18 09:11:59.291603
ec8ed2cb-e7d4-4261-aa95-d78a820fa75b,,,,,2024-01-17 16:47:41.690827
8c442e6a-c7e3-4b71-bd88-01cc7332f271,,,,,2024-01-17 22:25:58.300152
a078be78-7774-46a7-860a-74f27de3e289,,,,,2024-01-18 17:31:33.477480
c09ae61e-6211-4f9e-8f98-78652572e7ed,,,,,2024-01-18 02:48:59.035061
bd1892fd-1433-4d80-af86-defc15685745,,,,,2024-01-18 07:01:35.470081
07dba1f7-0111-43d8-b904-4b5d6b784e3d,,,,,2024-01-18 02:48:35.940879
4b1a53a5-a1f3-4600-82f7-3a6e628b134f,,,,,2024-01-26 11:59:22.239412
8d857dc1-6148-4703-9797-d88dedd75eca,,,,,2024-01-17 22:35:31.384725
2516e738-df2f-4882-a947-8d4874789ff9,,,,,2024-01-18 13:51:37.015611
c4822240-0a23-42f3-8207-d2115521a354,,,,,2024-01-18 03:09:01.677513
68f39feb-0e2b-4c40-8d48-53df24927fd3,,,,,2024-01-18 09:28:24.041958
18cb206d-a63b-4f2f-b283-dc644d844a7b,,,,,2024-01-18 09:33:19.785254
d03065c8-4924-4652-b878-72a6ce115466,,,,,2024-01-18 09:31:10.532563
703780e8-7a50-44c5-b357-4b559e261bf5,,,,,2024-01-18 11:53:57.335873
cf42b8fd-3312-4c43-9bfb-02ee9e5ceed7,,,,,2024-01-18 13:42:56.699480
57b89009-bcf6-4a3a-a05a-960a09dbdf59,,,,,2024-01-15 17:22:23.968303
c41c7993-2341-44f8-a053-c36da8257109,,,,,2024-01-18 14:03:12.278037
22fbdc4b-5375-4041-9ce3-821161a56a75,,,,,2024-01-18 13:57:08.295328
c125795b-1e62-4fc2-9906-1317b5da4ad8,,,,,2024-01-18 15:31:22.308305
4793862b-c4fd-44f3-a61d-d1a8f1be2c5b,,,,,2024-01-18 17:31:59.048292
cd473cca-9a44-4c61-bdda-bb3cbb64138b,,,,,2024-01-18 19:06:33.823545
2fef8c19-5f6d-40f3-92b3-81e7d9ff66e0,,,,,2024-01-18 19:15:10.736842
8449a7f6-f46b-4059-b8f3-1622599de946,,,,,2024-01-18 19:19:22.271587
f21d0542-f144-4082-be76-b295db270c9c,,,,,2024-01-15 17:07:22.363227
455ee575-828c-4203-8b3f-543ddea64ec2,,,,,2024-01-15 16:28:35.570487
9a7b80d7-5180-46cc-96d6-34198a11d820,,,,,2024-01-25 14:31:08.463577
d43200d9-d530-4f7a-8a2e-98015c8020c4,,,,,2024-01-18 07:13:27.863616
8ca0eb4c-14dc-4cc9-a495-8502c3931e92,,,,,2024-01-15 17:03:24.128448
dcd92ffd-98d1-41f1-a83e-3403f655f7b4,,,,,2024-01-18 00:50:20.450771
88b4f825-42f0-4ee0-959a-36e2937027ee,,,,,2024-01-18 12:05:07.114057
736038a9-0255-4971-9444-1de7fb8b2cea,,,,,2024-01-18 20:15:27.279675
64d7f39e-0b9d-4635-b58a-71f3f7c373ae,,,,,2024-01-18 02:51:03.437317
6e88b25d-eeec-4387-bd45-cef7a947c230,,,,,2024-01-26 12:03:33.246391
f959d28c-5965-43e4-ab76-5559afec3acd,,,,,2024-01-16 15:11:58.697671
04acdab7-793a-465c-8ddd-c8def7a42655,,,,,2024-01-15 17:17:21.367518
b7f7fb7e-5601-4a8f-a1b4-4aca0f65333e,,,,,2024-01-15 17:16:34.477011
26d1e4b5-5a27-41e2-a577-b30020b290dd,,,,,2024-01-15 17:27:32.522208
ff77fa6e-a697-415f-ba6b-1320047abe47,,,,,2024-01-15 17:24:47.008930
8c85a8b4-94d9-4908-9501-382a86cf2c14,,,,,2024-01-15 17:25:10.250835
fa31db98-7772-4bd6-8cc3-a122e1cf05ac,,,,,2024-01-15 17:31:26.033573
9146ea27-e7cc-4bf3-9584-10eddb53e864,,,,,2024-01-15 17:37:58.102499
ae8f80e8-4318-4421-bc8a-37e49dac7c3a,,,,,2024-01-15 17:35:10.481025
2017864d-c2e7-4325-bdbc-37462ba8bf0d,,,,,2024-01-15 17:34:09.410149
c844ee0b-a80f-49c0-b1a4-130fbbe598d0,,,,,2024-01-15 17:29:56.928892
d51841f0-17a7-4316-b38c-4d4ae58a6a17,,,,,2024-01-15 17:15:10.449137
deaac558-52fc-4204-8259-18eefabd5cdc,,,,,2024-01-15 17:55:58.152424
2b0be92e-490b-4556-8fac-e45ef199f8a5,,,,,2024-01-17 17:35:54.710729
e28d3b0d-838c-4b21-8525-18014f8e4da2,,,,,2024-01-18 00:54:10.511094
44b2e699-20cc-4ff9-ac21-525da898cbcd,,,,,2024-01-15 17:51:25.513883
f1352cd1-e8b4-4701-b59b-1ea0a893f9ec,,,,,2024-01-15 17:32:09.375768
f5913bdd-143f-4e41-8627-9f4f7b840215,,,,,2024-01-15 17:56:05.741442
15029797-b54c-41b2-976a-13ac9fc062dc,,,,,2024-01-15 17:49:23.066716
13a956d8-9b6f-48ec-90f5-405dfbc69798,,,,,2024-01-15 17:28:19.300899
b422c707-2b2f-4943-a392-7967b2def422,,,,,2024-01-15 17:16:56.419897
b253c7ab-1b9e-4371-a935-fa7a2adc237a,,,,,2024-01-15 17:43:56.647222
0e2f3ee1-9e37-4d02-b9c9-726ae6010f18,,,,,2024-01-15 17:37:10.380997
48af0fdd-7389-440c-a0e8-dc1b068fb521,,,,,2024-01-15 17:09:48.859555
8dfda206-a502-4cb6-bcd3-f923efb04bd9,,,,,2024-01-17 17:14:20.211725
63998114-029e-4f4a-8215-b89ccacb334f,,,,,2024-01-15 17:29:20.030300
bafa0556-4d61-45f3-9b28-01f607223aa3,,,,,2024-01-17 17:36:15.485374
5728b2e0-f070-472d-adae-d4e28780bd36,,,,,2024-01-17 17:35:14.404676
b3c508ef-8fe1-4d96-a24a-dde9a4b5a74a,,,,,2024-01-17 20:53:30.455815
7c16e4c9-4e72-42bf-abe5-0c3492cd699b,,,,,2024-01-18 11:50:00.541689
fd33e60a-7626-40e1-a431-022899038e26,,,,,2024-01-17 21:08:17.558183
6f64a6f4-21b3-4e2c-a44e-4b2a70c03de3,,,,,2024-01-18 12:03:19.068360
d558ba22-46c4-4ad2-9841-7d4c54aed6f0,,,,,2024-01-18 11:54:43.157549
276d82b7-f4f4-4c4e-8a57-3ef0d2e8d030,,,,,2024-01-18 03:16:49.821477
d16390d7-a80e-4e5e-8808-4fb71f1c55e4,,,,,2024-01-18 09:36:39.909124
15d6693a-40ae-4f91-8064-284c032cff32,,,,,2024-01-18 11:52:03.578298
d921f580-0855-49d9-9285-6ace6ca25dd2,,,,,2024-01-18 17:33:45.652471
636e071b-dba6-42a8-8f8a-2a9318a7b3e4,,,,,2024-01-18 15:51:51.707203
8f83670f-1397-44f7-bec0-0d83768649b6,,,,,2024-01-15 17:49:03.526661
680ff6c8-ea36-4c69-820d-33d49c39d322,,,,,2024-01-15 17:59:16.020993
6a98ad47-0d40-4f1b-8b33-4cbced561cdb,,,,,2024-01-15 18:00:03.878143
899e6669-d5e3-4bc0-a27f-6a9a3ad42388,,,,,2024-01-15 18:05:20.421733
0a35ab15-7075-4307-a670-3583c4a874ea,,,,,2024-01-16 06:12:49.874153
2b5ec8bf-c379-4a53-aeeb-09db4156a2a8,,,,,2024-01-17 22:36:45.234020
8e453abf-35c3-4726-928e-8954b80758a8,,,,,2024-01-17 21:08:36.738837
9d0f4e70-c1d3-46e1-8bd1-e34a402f8aa8,,,,,2024-01-17 22:41:58.933898
fd1e3280-2765-447e-84b2-89b675d6c89a,,,,,2024-01-15 18:07:06.279758
7f39369e-127c-4968-b8f5-3aea1dfc48a6,,,,,2024-01-18 13:54:40.076963
bed2e77a-2d62-46c2-893a-ebc14a50d980,,,,,2024-01-15 16:35:47.304138
a1b752c2-3929-4db2-a3ee-a2ec7bb46440,,,,,2024-01-15 17:43:46.005383
9c075ae6-0405-4d46-be14-4757b3caae6e,,,,,2024-01-18 13:44:43.281025
adc17a3e-3279-4e7b-8bcf-2856733bb55c,,,,,2024-01-25 15:50:25.797789
da2e2ca7-f061-44f7-9fe9-55fe5a74ab11,,,,,2024-01-15 18:03:24.851016
758d5d27-b862-4472-b86c-10af8a650a46,,,,,2024-01-15 18:10:42.350131
afb1493c-ab50-4167-bffc-c5d0508d7fab,,,,,2024-01-15 18:07:16.438233
c8fd23c3-a4af-4dbc-a590-e28f119713a3,,,,,2024-01-15 18:16:39.542413
f089bdc8-0a27-44fe-8be8-2fee3d4a2218,,,,,2024-01-15 18:26:38.548924
d87389e9-1555-4f04-88bb-93943d222a51,,,,,2024-01-15 18:23:15.996768
c7fe60f1-88c5-48ad-9f1e-2ffd48f874aa,,,,,2024-01-15 18:30:33.398852
fe8f87f0-1474-4287-8509-fed6081ba5e4,,,,,2024-01-15 18:09:52.162280
479af6ad-c4f2-4b9d-9ba4-1d4d56c7df0b,,,,,2024-01-15 18:36:49.911155
e84843c4-4c1c-4f9a-b883-77995419aef3,,,,,2024-01-17 22:51:46.758091
02bd3c79-076c-424b-86dc-87e2b4753750,,,,,2024-01-15 18:32:27.811704
d2cdc6fb-5927-49ae-a1be-25662fe33d55,,,,,2024-01-15 18:45:05.817553
043a31f4-906d-44bf-8185-d17ce03f1003,,,,,2024-01-15 18:09:33.402461
317028e1-af11-41b0-8b13-5742c2b66dfd,,,,,2024-01-15 18:03:52.177627
742aacc8-8aa7-4ab9-910b-1289c94a632c,,,,,2024-01-15 18:14:39.915100
dd6f6af5-52ff-4e18-ac84-bbf780aec376,,,,,2024-01-15 18:40:47.898269
ff566f82-038e-449b-b4f8-4d7dedead88a,,,,,2024-01-17 17:37:29.970458
0695d68d-29ed-4c60-b7bd-be4e34de179f,,,,,2024-01-18 00:57:56.692818
b04e0f61-a2f5-4b26-97f3-2139a1a42d66,,,,,2024-01-17 21:17:19.704120
1fe4c6b8-b21a-4428-83fb-f70a2ddf9843,,,,,2024-01-17 21:06:12.273681
3e17c10b-5442-4feb-b4e1-a018a0fc1290,,,,,2024-01-17 21:18:48.906960
d36a6d46-03d5-4642-97c4-367b418bbe4a,,,,,2024-01-17 18:09:15.014865
a793e366-5b95-46ea-a016-c6dad190f92a,,,,,2024-01-22 03:59:44.632756
d906d750-b207-4672-a372-2d12d1e4f012,,,,,2024-01-15 18:12:19.790871
2fff09ee-0a3d-482d-ae7c-64145cb22a9e,,,,,2024-01-17 21:11:15.342316
3ed9a3fc-ed3c-4ba4-8ac4-9530fe59ed73,,,,,2024-01-17 20:58:02.286309
9ee85969-bbd4-495b-80c9-f50b18d7f571,,,,,2024-01-17 23:10:04.761242
02fdd28a-1a66-42df-b5ff-af52232f4c4f,,,,,2024-01-17 23:14:50.171428
919b77d6-ceee-40ed-b81c-af80fccae57c,,,,,2024-01-18 04:10:04.980955
c1c261d0-3033-4668-a17f-400c7cd04268,,,,,2024-01-18 07:36:03.146562
8816800b-db6c-4d83-aa4d-eab1d6d6b5fc,,,,,2024-01-18 04:08:23.197238
bed9c50d-be22-4d36-88eb-2b545784237e,,,,,2024-01-18 04:13:35.710696
915f7853-a38a-4e61-a06d-371005042a6d,,,,,2024-01-18 09:42:36.690170
48d4b8fa-5fec-464d-8cef-de3531c46abf,,,,,2024-01-18 12:21:27.514993
a1f5466d-43fb-4159-92c7-cfee5db20c1d,,,,,2024-01-18 14:08:22.397164
f559940b-9f23-4efb-9f9d-95a2f87dc416,,,,,2024-01-18 17:39:42.901420
266fe140-de0b-4ddf-b99a-5d7e487a213e,,,,,2024-01-18 15:54:31.667850
be3afb61-09e4-49c9-a5f8-9333bf8a44fa,,,,,2024-01-17 12:41:57.253473
4fbadc56-1c7c-432b-93df-a7d85d29bd84,,,,,2024-01-15 18:48:18.299653
0ae510e8-7a87-4a11-90a9-3e4b0eb5e351,,,,,2024-01-18 07:46:49.265339
c0998efd-6baf-4a0d-960c-f0139687e9ac,,,,,2024-01-17 21:21:46.499989
7aebc659-c7ec-4810-bbd3-2eb56ddd5a35,,,,,2024-01-17 23:03:12.427473
29823abe-0b83-4aef-a0c3-e804db36ca3d,,,,,2024-01-17 23:15:06.930270
22c7a070-a24e-4c41-980d-ff8f729dd92d,,,,,2024-01-18 09:53:48.319264
16eee7a0-6329-4a63-8cc5-a19151a68f39,,,,,2024-01-22 05:41:26.125117
977acd21-b612-4950-b2b2-6b9e72b12e9b,,,,,2024-01-18 03:48:31.508530
63f78042-d18e-40ba-89c1-475e0e602d20,,,,,2024-01-15 18:33:17.798109
b84760e6-0122-4fd4-8b3c-a3e568433179,,,,,2024-01-15 18:46:36.107667
affd0828-3d2c-4738-9f3f-ebeb77472317,,,,,2024-01-18 01:20:01.671306
babdfe1c-7924-4f99-bb46-26014e801ca9,,,,,2024-01-18 07:40:38.179201
0936795b-5f3f-4926-939e-d2d5aa7905f8,,,,,2024-01-18 01:20:10.526000
16678af2-4138-4500-8d3c-e6429dfe5a58,,,,,2024-01-18 04:14:48.761651
3a6fad35-c0b5-436a-92ba-49827b5808aa,,,,,2024-01-18 08:04:49.832182
723fa6e9-5753-41ef-95a3-c0b78a863720,,,,,2024-01-18 08:05:12.852527
32e765c6-15fe-4bda-80aa-4102ca9b7d3a,,,,,2024-01-18 11:31:28.238261
666aa4e4-11fe-454b-bca7-5a206d29cec0,,,,,2024-01-18 07:51:23.556801
c2d94c26-8cd9-4032-90b1-e677b37fcb9b,,,,,2024-01-18 19:35:54.108224
aa2f9403-fd44-40d0-adac-0ace5f17f599,,,,,2024-01-18 20:09:19.423904
6542b091-d1fb-4921-a1ff-70c043010be0,,,,,2024-01-15 18:59:46.439928
442a788a-5795-408a-a30c-71b8fea4a7c0,,,,,2024-01-15 19:03:32.640859
5f427e01-d415-4947-8c2c-1c85b13def10,,,,,2024-01-15 19:29:11.706419
a0c49f06-f679-4859-a2a9-331fd13ef1f3,,,,,2024-01-15 20:19:24.701197
94d6f5dc-a918-4fa3-a388-fdd1f9dc76ab,,,,,2024-01-15 20:13:43.654461
5531afa9-638a-477c-8d28-a8a9b1bf8643,,,,,2024-01-15 21:08:19.444215
c04f9c10-578f-49db-b74b-8ab3df8d6f24,,,,,2024-01-17 18:09:09.122247
68818596-f14a-453c-90c5-01ab2d817060,,,,,2024-01-15 22:23:48.099335
f77e4be3-fef3-4448-86af-f790998d75a5,,,,,2024-01-16 01:04:27.914408
8867e2b9-1c41-4820-9c8a-d8f3ac5d8697,,,,,2024-01-16 02:13:59.426492
e6959cda-ba0d-479e-8519-c87d64b254aa,,,,,2024-01-15 21:10:19.765975
20a9eaba-8786-48b3-bd29-d009c78bec27,,,,,2024-01-15 18:39:36.848672
f0a6b4b8-0f5e-40b2-8a4c-4466ff2c08ee,,,,,2024-01-15 18:51:49.154812
c9f3f527-60f3-4478-96e9-a4df9e892bd4,,,,,2024-01-18 16:07:33.898870
06bd99e9-ce42-4849-b97c-8eea24c4edb3,,,,,2024-01-15 21:26:40.731585
a90c051b-7323-4c6d-b9c9-279f1265dd14,,,,,2024-01-18 07:52:22.921004
b71131c8-4956-4950-9726-986002aa18a7,,,,,2024-01-17 10:21:55.505063
d3328751-5125-421a-9843-dfa6d7327ef8,,,,,2024-01-17 17:40:43.634257
64469e2d-0a8f-4f87-999c-ad0046ce40bc,,,,,2024-01-16 04:29:13.641811
9d89710f-d3ff-46d9-8cdb-5ffa09ca6035,,,,,2024-01-16 12:58:04.772493
5b5b32aa-5738-467c-8d11-8df4eca6c05c,,,,,2024-01-16 14:50:07.407099
1baacdae-ad16-41f5-98b6-fbe9501b5cf0,,,,,2024-01-16 14:49:39.654789
b45c2c32-730f-4ea0-bd33-d6bce505817c,,,,,2024-01-16 15:07:32.369449
850094a8-8da7-4cc7-b355-2335d278306c,,,,,2024-01-15 19:58:19.358321
6b3a480c-e657-4344-ab62-9cbd68005aa3,,,,,2024-01-18 01:20:28.342675
79fbf750-0d7b-4101-88e9-5ad3fe72ecc6,,,,,2024-01-15 21:49:35.258017
4dd1a11c-b345-4543-998d-b3970e6d1478,,,,,2024-01-16 15:05:18.298963
61f3ae4c-6de1-4655-85f3-c17b5f5e5dd8,,,,,2024-01-16 15:18:15.125690
a9ce6cf8-e158-4d04-b63d-b3c8e27e421d,,,,,2024-01-16 15:10:55.093955
3fd21e92-5a93-4f4f-b258-3ced127ea928,,,,,2024-01-16 15:20:06.053630
045f1e76-9dd3-40b7-af55-1283b3037d12,,,,,2024-01-16 15:13:44.233779
e8e2fb64-1fd3-4515-b7b3-69b4ee2b2148,,,,,2024-01-17 23:34:25.294661
cba47afa-fdcd-447c-a285-1e8d4216e465,,,,,2024-01-17 23:23:22.692014
635f47c4-eed1-48e8-bc6e-1aeda0b4ca97,,,,,2024-01-17 23:22:36.788718
081452f5-74c4-459d-9e85-9f7fd1326a82,,,,,2024-01-16 14:52:11.502252
7fb9e4a9-3682-44e3-9244-7fc92f9ea952,,,,,2024-01-16 15:10:26.624862
36e7bfa5-4c45-47c3-b0e5-47b402eb600f,,,,,2024-01-16 15:23:14.788851
13bbc01e-c894-4a53-a713-9f0015ea1e76,,,,,2024-01-16 14:47:10.107654
13591940-51a8-4871-958c-af5468d09388,,,,,2024-01-17 18:01:45.707962
d521a7a8-cd85-4255-9f7d-d2cbab91564c,,,,,2024-01-17 18:18:36.187707
9ca1871b-2e90-41ed-8139-5d6a45dca024,,,,,2024-01-16 15:09:02.287722
0fa0eee6-4a2a-4f4a-8cfd-e1f6e426cfba,,,,,2024-01-17 18:07:30.631676
779163b5-06d4-4143-93cf-390c320f19a8,,,,,2024-01-26 12:45:20.917250
9b20df42-3098-4b3c-b976-2c2f8a696b48,,,,,2024-01-17 23:40:29.208455
3e01a34d-7618-4f2e-8e44-c345c49d3c7c,,,,,2024-01-18 01:31:10.712415
fdd4c6b5-7cd5-4ebc-bd37-3e34ae8d78bc,,,,,2024-01-18 04:23:01.110255
d10b3d0f-0716-4423-abea-735bc97626f3,,,,,2024-01-18 16:09:01.458861
79d6697f-63e3-4849-8ff5-b4f0665c14a5,,,,,2024-01-16 14:58:48.137112
6a90568d-a607-431c-8f64-c51eeedce8fc,,,,,2024-01-16 15:42:33.162486
d3ac0ebb-1fbe-4bc3-8303-a2461380d2a2,,,,,2024-01-16 15:43:09.032852
ff70eb0e-68f0-4014-8328-0f13f2953465,,,,,2024-01-16 15:23:18.423034
a1a8559e-708f-4be2-92e2-f8b38147bf23,,,,,2024-01-15 16:36:42.173722
9885b22f-b811-49a6-a23f-c07d729a2bd2,,,,,2024-01-16 15:55:54.712495
a9fb3cad-cb1c-467b-b9a8-6023002f4217,,,,,2024-01-16 15:51:00.979610
d6256f24-9266-4210-8e06-ecad91fc55cd,,,,,2024-01-16 15:52:54.840854
85759074-9fc1-4582-b349-06f30b0bebb5,,,,,2024-01-16 16:05:03.806989
2a82a945-e493-4e46-9dfd-d851ec328ec6,,,,,2024-01-16 16:08:14.240750
a90ad886-6a70-496d-b482-6b75c5a8fe83,,,,,2024-01-22 13:00:39.904771
8597701f-26cb-4375-88fa-a62e5ba0be73,,,,,2024-01-16 15:35:04.180157
f151bbad-72b9-43b6-9241-f39d793e71ab,,,,,2024-01-18 08:11:30.992547
0b5ea338-16c0-4f5c-9997-c2263a85f53d,,,,,2024-01-16 15:46:06.308358
e7a5a4ff-0ee4-4808-a080-2126608ed693,,,,,2024-01-16 15:29:49.953431
a41101bc-0d3c-4ac8-a769-0bde2317e5ae,,,,,2024-01-16 15:29:58.803692
7f36fec3-8130-4389-993b-ed4dff1c89a0,,,,,2024-01-16 15:57:04.419966
73c9f4b4-a5d1-4bce-964e-0085146f566e,,,,,2024-01-17 23:36:39.840495
42edefdb-991e-47cb-91ac-52b451e4f1e2,,,,,2024-01-16 15:48:24.774926
6b2c1d98-aa3e-4a04-ab4c-9f4c839d3370,,,,,2024-01-18 10:07:55.340454
4dd3f0ab-05d9-4d53-8082-86362d7defe0,,,,,2024-01-16 15:54:52.226493
65252683-b21b-4b6c-962e-f0233324f319,,,,,2024-01-17 23:33:33.311130
ffd58e8e-2d1d-409f-afd6-fe187e290ffd,,,,,2024-01-26 12:40:31.494724
f063117e-bb0d-4ec0-9419-f376320f8c51,,,,,2024-01-15 17:59:40.984897
8d499f4f-a63c-419f-8a58-203dd164044c,,,,,2024-01-16 16:02:27.496213
af9cb5b6-e916-445e-b407-e51fa806190e,,,,,2024-01-16 16:03:19.791363
2fee39c1-9cae-4969-bfb9-e8517d845215,,,,,2024-01-16 16:07:03.453884
171302fb-fb84-4cc5-ae76-c4db59b2c95a,,,,,2024-01-16 16:02:25.170751
8dfab890-72af-47e1-a331-bfbe55d2e439,,,,,2024-01-16 16:23:56.746064
9069688b-e3bb-41a3-af05-b84489c83f69,,,,,2024-01-16 15:43:52.298787
26821d58-fa0b-4fd6-9b56-0591ca69ac77,,,,,2024-01-16 16:18:26.186852
637bd0b1-7c73-4832-b3b0-8cad700c5b06,,,,,2024-01-18 08:16:54.217266
2e687985-f257-494f-a11a-e28d0cfdfe7f,,,,,2024-01-17 18:09:19.214532
106fa125-01bc-4a5a-94fe-a19f24d92b7e,,,,,2024-01-17 21:26:55.285853
39bf4de3-5073-43c4-8d4c-646e6857bb41,,,,,2024-01-18 01:27:25.131732
a345a039-1751-49ac-916f-a650140777e4,,,,,2024-01-17 21:33:13.040716
89de5832-9210-431b-a80a-291b7edd10c1,,,,,2024-01-18 04:28:30.264094
3ffc2430-f0fc-4ade-87f5-c4531c1352f6,,,,,2024-01-18 10:13:50.026441
cc5df67b-1a19-4231-9b43-540a37a46b1e,,,,,2024-01-17 02:48:49.000818
da1f4570-26c5-40d1-81c8-4d562eed3d48,,,,,2024-01-18 16:20:34.259874
aa89eede-69a4-4f49-b651-780413908eaf,,,,,2024-01-16 16:02:44.266807
ec982bdd-16ef-4b42-9ff3-ee577dbc31f2,,,,,2024-01-18 04:32:49.370207
195ec8ea-29b7-4b4b-81c3-d5d41faeac9a,,,,,2024-01-16 16:36:39.775589
a4595671-b53d-4351-8b4c-023584e0fbc4,,,,,2024-01-16 16:26:03.456857
5ca9fc26-502e-4352-8ff4-2fb869d3ca6c,,,,,2024-01-17 23:37:08.261589
11515e42-deb7-4b5c-ba1b-d20a5e17b377,,,,,2024-01-23 12:36:44.314603
4a0dfabd-b4e8-4d4b-94da-25ca983b785a,,,,,2024-01-16 16:00:34.350371
e3e53235-2f7d-407b-a96a-9cd280091c01,,,,,2024-01-16 16:10:00.977439
690a866c-cb42-4ebb-98cd-ebc15c98580e,,,,,2024-01-16 16:11:05.939554
a0f5c5b5-91e4-4536-8840-b7855cb1f1f8,,,,,2024-01-18 12:40:07.118285
df0952bf-2cb1-4c5c-bf23-2e2b9b7565f9,,,,,2024-01-18 14:16:26.190628
c4bb803d-fd8f-4a9b-957a-5db529292dfa,,,,,2024-01-18 16:33:26.190514
e0ce8b99-bbb0-4bef-ba97-9781e910b393,,,,,2024-01-18 17:53:55.942392
eb24cb79-c5a2-4627-ade3-c5db1c350a10,,,,,2024-01-18 19:32:36.828839
32032b77-b508-48d6-8629-ad46f3daa540,,,,,2024-01-18 04:30:17.184346
1f8b3029-7610-45be-963e-4fec7fdb6fcc,,,,,2024-01-16 16:06:38.908137
e693da4a-0fa3-4453-b072-cab51e99c2bf,,,,,2024-01-16 16:24:17.542622
589afc71-d57a-4e24-8b29-76f32fd718ed,,,,,2024-01-16 16:22:40.876006
7518e8c8-32ea-4c75-91b1-01b6ec1a684e,,,,,2024-01-16 16:27:07.380556
00db245f-7369-4109-901a-067b289b26aa,,,,,2024-01-16 16:30:11.069035
0cc57f8d-b9c9-4582-a1d7-c22759265c92,,,,,2024-01-16 16:38:19.862297
8eebd278-46b7-4865-9052-35297ff71626,,,,,2024-01-18 01:32:50.523546
548083da-698a-47df-867d-f7e9febf0db1,,,,,2024-01-17 18:27:23.164275
99fafee9-87bd-445c-80b1-d9ae86050c67,,,,,2024-01-17 23:50:25.746955
ac8e1bdf-f4e3-45b5-b256-94afe719b9e7,,,,,2024-01-18 08:30:29.680251
c3c90d4e-5dd4-461d-a6cf-7d54cd23d8dc,,,,,2024-01-18 05:01:25.295708
c5616bfe-ddf6-4ffc-a096-fefc203c1c26,,,,,2024-01-17 21:43:11.235337
caa2c6e6-9d07-49f3-b1bd-01b1805c988b,,,,,2024-01-16 16:22:57.289512
ce3c3322-a8d1-473a-9e74-8c6ac716b61d,,,,,2024-01-16 16:32:07.922830
7b6c3925-9b03-478a-9c4b-be31d06fd942,,,,,2024-01-17 18:37:46.223240
5558e3a5-5852-4ece-acf0-cd9d0c8a32b2,,,,,2024-01-18 19:43:37.647493
a7af83d8-9d16-4477-9bd2-8f50f3378279,,,,,2024-01-16 16:28:15.144081
3304196a-c19c-4708-9833-ab1cf2bf11ad,,,,,2024-01-17 18:24:49.994512
9f90d183-69c9-4666-9436-462278412279,,,,,2024-01-18 01:40:50.542681
6550593f-f94c-4951-a7d1-fe22e89720d0,,,,,2024-01-18 10:08:37.237963
9c7bbd5e-8316-45e6-a3eb-e575c6b20ee4,,,,,2024-01-18 10:29:47.654854
46e0b37d-117b-4550-8491-c8b6e89353ea,,,,,2024-01-16 16:08:14.300189
2da746e9-ac8a-4565-8ea4-6b41d996aeff,,,,,2024-01-16 16:20:15.564129
dd78f4e6-307a-4340-9db0-bcf0dd160f66,,,,,2024-01-16 16:48:14.739382
565c8aef-e3bf-403b-a8d0-046910378cb8,,,,,2024-01-16 17:01:18.139110
f3e53c0c-862d-4535-862d-6ab81286c6bc,,,,,2024-01-16 17:05:14.141590
b44ffece-a565-4aca-94d5-e118d126b9c7,,,,,2024-01-16 17:09:52.846391
456f9a0e-b3dc-4734-8276-a703a9a1b973,,,,,2024-01-16 15:22:15.805402
32f7b25e-1752-405f-9431-f437b23b55f7,,,,,2024-01-16 17:17:12.751563
3079ed52-d463-48fd-b655-4abb1b276c61,,,,,2024-01-16 17:26:24.656452
2cc774b3-f745-4c83-9f5d-92bbef71f7c6,,,,,2024-01-17 18:36:53.727575
c06784cb-d548-4e81-9922-3358c79c8a63,,,,,2024-01-16 17:29:05.101025
aea030bf-4637-46be-8487-4bbd37eae777,,,,,2024-01-16 17:33:12.758070
291647a1-d74d-4ba6-9f6d-5f3edf866363,,,,,2024-01-16 17:33:12.262682
23bc2605-0a4a-4aca-873b-c1cac0ab1cbe,,,,,2024-01-16 17:19:38.632803
21988e20-2e90-472f-9a6e-43fc58cf915e,,,,,2024-01-18 14:43:46.428839
182b11eb-c0ca-4cc6-b9be-19f42dd21d3e,,,,,2024-01-16 16:37:46.135314
738e2c17-2be5-4ee0-b763-0102dfb18527,,,,,2024-01-17 21:35:40.669290
ba30f95a-3600-446e-b85d-5cb17613b4ca,,,,,2024-01-18 08:33:56.965260
52f3071e-06ed-4c34-8a76-90c802f53bbc,,,,,2024-01-16 17:23:11.129140
226d142f-e8b8-4354-bbf2-39fc31be0784,,,,,2024-01-16 17:13:19.656527
e78e61cd-fb7e-4922-a976-9f7c376daeb2,,,,,2024-01-15 18:38:43.506318
e8f740b6-11c5-43c1-910f-9a51e1274eef,,,,,2024-01-16 16:40:44.228950
881bf483-4380-4b0a-8738-352a96618496,,,,,2024-01-16 16:44:49.582689
3f93d30e-fb97-48ae-aad5-82cb311c2192,,,,,2024-01-18 10:37:33.044931
82f43c7a-9505-4e42-b117-395388521ea7,,,,,2024-01-16 17:31:31.259683
a1cd4753-51a8-40dd-962d-e343aba62ba9,,,,,2024-01-16 17:43:44.607168
bb604b28-2c39-4b6c-b645-ff0d35902fe8,,,,,2024-01-16 17:11:56.383645
bb16e6b5-072f-4be7-90eb-5830e6ee2220,,,,,2024-01-16 17:45:20.547837
e15fa7a7-f2a3-4100-8248-e0b44c4638ce,,,,,2024-01-16 17:25:56.278458
dc7f1e41-5d25-43b9-8b80-b8de3b270a52,,,,,2024-01-16 17:27:16.673349
24106156-1c9d-44f3-8a7f-4977f79161c4,,,,,2024-01-16 17:53:45.890512
30978350-8ad2-41f4-92e8-e305c0f36e90,,,,,2024-01-16 17:56:32.269261
c81b06af-a59d-4dc1-86cb-f2c2e699f013,,,,,2024-01-16 18:21:06.786770
473660c0-3e0b-48e3-96d2-ff7486e87051,,,,,2024-01-16 18:39:19.410421
6ae9b2f1-1aee-4ea8-810e-eeab24440f12,,,,,2024-01-16 18:31:44.650030
f553b19e-926f-4e99-a1b7-dda0170e2f5c,,,,,2024-01-16 18:34:29.527543
08968b4a-0c58-4764-8180-a2c5cbba637a,,,,,2024-01-16 18:33:50.934044
4ee3cf69-1a83-40d5-a206-a94d5e9a8ca4,,,,,2024-01-16 22:31:39.833520
ef6588d4-79d2-4cc8-aa23-00cc58d394d9,,,,,2024-01-16 22:37:30.368106
94eb3b00-b0db-4c22-b626-a38b67e055cc,,,,,2024-01-16 22:56:15.631321
ddd93db3-1cf6-4973-8dff-2abe841b755d,,,,,2024-01-16 22:56:00.063865
109d7fd1-71e9-4623-b07c-dee7a06820c8,,,,,2024-01-16 18:03:05.329688
cfa1abf9-f741-47b8-8d08-e758cbce6a18,,,,,2024-01-16 22:43:03.792872
99ad992a-859b-4a24-91e7-5ee0c4e91f21,,,,,2024-01-16 17:37:08.107318
57918ccd-6d6b-4ed6-a6f7-a65ddd2bd1ea,,,,,2024-01-17 18:42:46.616319
33a92a54-a886-4a98-8db3-2a0c44877066,,,,,2024-01-16 18:11:20.864452
41d4ebbb-dc67-4259-bc97-d98155eb079d,,,,,2024-01-16 18:19:05.290343
cb7144ce-f3a1-45ee-a7b3-f193abd53d79,,,,,2024-01-16 23:10:35.424270
d616fea1-0c86-48cd-bfe7-362471949d4f,,,,,2024-01-16 23:22:11.477999
e3873982-3217-41bf-abd0-b07410ff3277,,,,,2024-01-16 18:34:21.654599
6a06e23b-aa16-458a-92b3-c22fa4fd2474,,,,,2024-01-15 17:12:58.266705
30ebe0b4-f993-4bbb-9e4e-3c88814d27e0,,,,,2024-01-16 22:57:12.488086
c5e4063d-f950-4772-ba78-240eeb7756c3,,,,,2024-01-16 23:13:40.842625
c1a7ee09-29ab-4662-8e4b-179779159ee7,,,,,2024-01-16 23:16:11.166568
7c68126b-7f09-43e1-a998-bbf9949d76b0,,,,,2024-01-17 00:28:05.747497
6614674c-587c-4eef-a142-98a368cbb3bc,,,,,2024-01-16 23:45:42.226820
7f484105-c67a-4b99-8042-5d7d51ae52fa,,,,,2024-01-16 23:25:49.283814
bfe30480-fd26-4abb-96cf-be1952bc6adf,,,,,2024-01-16 23:52:52.881872
279cb0ad-8559-400f-a676-ab6793316b2d,,,,,2024-01-16 23:34:29.226459
6ded3db9-c97d-40ca-b9d9-bcb926fecf21,,,,,2024-01-17 00:19:53.974632
6a97f13b-462f-4006-be5c-fd58974722f6,,,,,2024-01-17 00:32:58.704526
dc1b0193-c4b9-4d2f-b60a-9ffb23ffe5dd,,,,,2024-01-17 00:37:17.263166
c76b11a3-5c07-4366-b44d-2e183426c22d,,,,,2024-01-17 00:58:44.277247
365bb96d-81a4-4b67-a648-cd5322d48250,,,,,2024-01-17 00:59:45.064588
34c99682-94ea-4064-bef5-aea8755cf98a,,,,,2024-01-16 23:18:38.355902
2769f09b-860e-430c-8880-bc14faaec887,,,,,2024-01-16 23:29:54.468168
c44e6e9c-de3f-4312-8746-b02dc7fa8d85,,,,,2024-01-16 23:16:26.595890
0e236819-f235-4d9c-8e99-f73715889e13,,,,,2024-01-16 23:29:16.570244
5bc271f1-1bf9-4073-bd87-f9bde18dc041,,,,,2024-01-16 23:33:17.834415
8153807e-2968-4358-80b8-ed81baa32607,,,,,2024-01-17 00:30:37.282914
b3e789ad-0b82-4659-8b66-8cee6f8ea150,,,,,2024-01-17 00:40:39.087325
a40506fc-62df-42e9-8ded-377cd8c07bf4,,,,,2024-01-17 00:40:10.282435
4eb64587-2c02-4120-ad65-0d65955175f9,,,,,2024-01-17 00:42:24.098804
b62a16f9-0803-414d-9be8-e6f56abee2b0,,,,,2024-01-17 00:51:50.001234
2898ce4e-ab2c-4162-b2cc-01382521ed1a,,,,,2024-01-17 01:29:35.192868
0db83795-c4fd-4dee-8dd1-101c28290c5e,,,,,2024-01-17 00:28:22.252594
6ccb85ff-48c5-4378-8b51-c1d5b8b3f7d7,,,,,2024-01-17 01:37:56.012273
2de95567-4a5d-4ffb-a981-fb658900f916,,,,,2024-01-15 18:26:37.534585
26fa085e-6312-4ec0-9795-61c9c86f9950,,,,,2024-01-17 01:56:30.204257
4d1690b0-8730-4646-a8c6-53dc19c2451e,,,,,2024-01-18 08:42:21.134244
20b495a2-26cd-4f6c-afcd-d9012afb7cea,,,,,2024-01-17 23:58:51.029416
341a4914-e37c-414a-9415-fb28f4ec2edc,,,,,2024-01-18 00:18:11.280253
0580b06e-e97a-46b1-9477-4b35365c2332,,,,,2024-01-18 01:41:48.123410
a06daa5b-32cc-4279-89f0-afb7f51fbc3c,,,,,2024-01-17 19:01:37.333759
980d2b3a-2e6e-4b9a-abf6-e51a21fbbc39,,,,,2024-01-18 05:06:50.126129
a4086083-6abe-4187-b76f-cc5ae4b8299b,,,,,2024-01-18 12:42:51.252432
049c78bd-c85f-4c47-9183-d3f1d6443848,,,,,2024-01-18 10:43:30.887586
517cc4e6-c3c6-4678-a4e1-69c072022a1d,,,,,2024-01-18 14:59:19.319174
4de8f377-385b-4bec-9aa2-c3a39b5e7c39,,,,,2024-01-17 17:51:52.320355
0dac6102-b9c0-44c8-b8ed-6388de75564a,,,,,2024-01-18 00:03:13.895485
76b3a217-a9e7-4d38-b694-1800c897ffc8,,,,,2024-01-17 00:09:40.400662
85c581db-c492-4675-8b2c-777011b090cb,,,,,2024-01-17 21:57:08.569945
19118f94-3b43-42fe-9315-865f56661e36,,,,,2024-01-17 01:58:59.336756
d2ae6f52-5725-4eaf-925d-753219f88a70,,,,,2024-01-18 10:46:51.392545
96f3c863-da31-45f4-98b9-85f60318d1f1,,,,,2024-01-17 01:49:50.862345
fb2f92c9-3a71-41db-b453-ef58c77d3259,,,,,2024-01-18 14:55:53.191022
8b8cf32f-dc12-4701-b62b-fb63f6360367,,,,,2024-01-17 18:55:13.657532
9e64fa1b-a562-4891-ac92-ade7ca51d1f6,,,,,2024-01-24 11:18:10.885968
ec662fb9-6d9c-493e-986a-2ecbf5c04922,,,,,2024-01-24 11:25:07.488063
d3cc1879-d72a-4312-801e-9d62d022f5ce,,,,,2024-01-18 14:56:06.401680
dc88b530-ba35-43b0-90c0-4b19984a64c6,,,,,2024-01-18 18:26:56.188008
5e5bca8d-b13b-4b7b-abe3-27fd834b6ea2,,,,,2024-01-17 22:12:18.063584
4082dae0-e7fb-4054-8787-bc62157b1dac,,,,,2024-01-15 21:53:54.164497
1f77e65c-a0bc-4f6e-9961-ad3ac723fc63,,,,,2024-01-17 02:02:06.159291
c2a80fc7-c3b0-4749-805e-6590290b061a,,,,,2024-01-15 18:53:20.635007
6fa4f615-2015-4ecb-879b-e15877f8a1e5,,,,,2024-01-17 03:33:27.488868
07548f54-998a-47df-9ddd-a153ffdbd2ab,,,,,2024-01-18 00:00:15.058288
61a1b204-dd0c-45c5-8c85-e1fec53eb994,,,,,2024-01-17 03:16:10.493882
dd1e8dd9-a48f-4052-8b57-63398b3bda4d,,,,,2024-01-17 02:52:11.561920
f35b7211-20b9-4091-b2d8-03d75de45a8b,,,,,2024-01-17 03:20:17.003708
76291eed-951f-4be1-9f19-329159831877,,,,,2024-01-17 03:27:31.832189
154a2d8b-4baa-4b06-981e-6be9331fffe3,,,,,2024-01-17 04:09:43.880031
54add13a-1585-41ba-a186-e72d9431b0b0,,,,,2024-01-17 03:59:35.858545
728c1dba-9f8e-4120-b062-bbd89e071b41,,,,,2024-01-17 04:10:44.670781
8488259a-de0b-4909-b629-a74b8899b4c2,,,,,2024-01-17 02:58:21.416613
3d9a728b-714c-412e-8fb8-0be635132946,,,,,2024-01-17 04:43:55.614501
253a2441-428e-4bc5-9e5b-95b44c309921,,,,,2024-01-17 02:44:33.852646
9185858f-e4a6-4b2d-a181-c21cc83f9e3d,,,,,2024-01-17 04:38:28.586578
aa98910b-5bda-4b77-95b4-cbb420d26bda,,,,,2024-01-17 03:05:24.452232
d6603d48-d904-43fe-a610-2ac2aa035c15,,,,,2024-01-17 02:04:04.522908
a79aeb9e-9cca-4ef3-b196-5cfdcaf386e8,,,,,2024-01-17 03:08:34.454261
3fc1a3cb-c966-4173-b403-8474ec676dd0,,,,,2024-01-17 02:21:27.773450
84033b46-3c90-44a7-a0cc-30f29a830909,,,,,2024-01-22 03:34:09.036444
2f1ebf59-de20-412f-b99f-82c67162305d,,,,,2024-01-17 03:15:46.929376
51644b73-e28e-40b4-9996-cbc4c15fcbe3,,,,,2024-01-17 02:02:42.337088
5dd04bf5-d0ed-4710-bcf0-240df9d93370,,,,,2024-01-17 04:58:29.412166
5fc2f485-1d90-41fe-b97e-9c0e0784b176,,,,,2024-01-17 19:01:49.440547
7c2938d4-b29d-43a5-a04f-d7b2439c0b34,,,,,2024-01-17 19:04:37.937231
b13bcc0f-9e13-45ea-8e3e-defd3084c45f,,,,,2024-01-17 21:55:41.534374
127f0b98-961d-43d4-9439-89c13c075db7,,,,,2024-01-17 21:54:23.701615
442fdbc5-ec58-475f-90f0-87155fa2de04,,,,,2024-01-18 05:37:57.123927
efa2f0d2-bcf0-422a-8f38-d284478c1056,,,,,2024-01-17 22:08:17.969437
605e8310-980d-4cdc-a4ef-d11ee6ca254e,,,,,2024-01-17 22:13:58.584925
16f3e7bb-030b-4776-8fe6-86f98e98135d,,,,,2024-01-18 09:00:11.104697
1fe64739-2d5f-437c-89e9-8d47865647d5,,,,,2024-01-18 05:23:44.118860
aaffb891-36b0-4208-b950-69b9e164a9d5,,,,,2024-01-18 09:07:29.196984
634cb4a0-5a9b-418f-b93d-1a3a3de3bc7b,,,,,2024-01-18 10:59:36.390946
fbb396c2-c22e-40a1-a00f-20c7bbb0de84,,,,,2024-01-18 08:47:25.226367
f241a76c-9499-46e3-bbf2-09806d176edc,,,,,2024-01-18 08:50:26.148580
9ae46c3e-3cfa-4510-915d-175eb17c54de,,,,,2024-01-18 01:57:35.138734
4ab92ab0-b0f8-446d-afe8-e6e5e2b1ba2c,,,,,2024-01-17 18:54:04.639697
516647e7-c0c8-457c-8d1b-05c22b175f96,,,,,2024-01-17 23:55:36.075176
8f3eb45c-2166-4a45-b845-99827a20fba7,,,,,2024-01-18 00:04:52.685297
11168cf1-427f-43ae-bc16-d7597990da14,,,,,2024-01-17 04:56:12.177609
2eb75788-99e7-4ad8-b8e4-61a90766a5bc,,,,,2024-01-18 02:11:54.816545
993e724e-e87e-448c-8f09-7c0bcf1c06ab,,,,,2024-01-17 04:38:27.841535
79081741-e664-4573-9c35-dddd167bba03,,,,,2024-01-17 22:16:11.369341
66ec4a54-80f0-4ec1-87c5-f2c82f877751,,,,,2024-01-25 21:55:23.776029
c045c85a-82f0-4011-b596-641b2277523e,,,,,2024-01-18 11:01:34.534572
f40d297f-9099-436f-a3cc-3c74ff300021,,,,,2024-01-17 04:55:45.492646
b3b2ef5b-a6db-412b-bc55-c8b149e44f78,,,,,2024-01-17 05:05:44.738064
bd1b16e9-0932-4996-844d-00eac80f11d5,,,,,2024-01-17 04:23:28.352564
232e8ccf-3e43-4f84-8d53-208f6aa1ebd4,,,,,2024-01-17 05:35:18.079024
9f758f39-51b8-4a87-a7ef-18d82ed1e275,,,,,2024-01-17 06:32:36.488725
1343c522-5cc5-4e11-a777-598cdd56d033,,,,,2024-01-17 07:34:53.032350
f84ab302-ed77-42e3-ad6d-337fab2276ee,,,,,2024-01-17 08:14:36.279882
518ab62a-f493-420a-9cca-cbb984749cad,,,,,2024-01-17 08:07:24.712466
31230755-424e-4899-8e7b-c82f86f1ac23,,,,,2024-01-17 08:26:58.119405
f5306327-6f26-4d73-b589-52ee6893806a,,,,,2024-01-17 07:36:30.166884
cc7d67e7-d4c3-4aa3-bf43-033e487c74fe,,,,,2024-01-17 06:16:58.893201
d227d59f-fda5-4f44-8c09-fe98b7ca20d2,,,,,2024-01-17 07:33:36.682119
9540534f-59da-4640-8217-78b9660642f2,,,,,2024-01-23 13:47:45.749155
d6db6724-cf1f-45b8-87b1-caaca302d538,,,,,2024-01-17 06:04:56.021740
a622e073-b0b7-402a-8fd3-f9d4edd02b7c,,,,,2024-01-17 05:38:13.397233
3d31f5ce-3ee0-4c6a-aa22-e47fb10bd01a,,,,,2024-01-17 07:49:59.595597
fd4c58b6-4798-4a84-a6ff-f794445cbdfd,,,,,2024-01-17 06:58:57.508698
8733431a-a89d-43ec-94a6-d924908907dc,,,,,2024-01-17 08:31:23.332596
0a79ac29-defe-4f0a-a26a-77de60b78d3d,,,,,2024-01-17 07:11:31.406659
444511fb-564b-4dc7-9f5b-a2a2c21f4783,,,,,2024-01-17 05:12:27.421403
6ea41416-6a65-4b25-bacc-99eaae1a74fa,,,,,2024-01-17 08:15:26.317266
b7cccb8a-9069-4146-bf09-fad5e4616a76,,,,,2024-01-17 07:03:11.025321
9f87be1c-afc4-41a4-bd96-fefecdf07c04,,,,,2024-01-18 12:50:44.094682
585ddcfc-ff4a-4d3c-8066-2ee3961b07f4,,,,,2024-01-17 05:43:22.738285
5041e54d-4380-4b61-9751-3eb4f4471dc1,,,,,2024-01-17 08:00:28.675033
9ec04c3a-99b1-40e8-a25c-b64ff1cefa47,,,,,2024-01-17 08:20:04.904215
81e808d6-0634-4d1d-99a4-42d3cee1240a,,,,,2024-01-17 08:30:19.109720
35cf7ccc-bd70-4d4a-8dac-0a91e3318aaa,,,,,2024-01-17 08:30:45.851703
912402aa-979c-4782-acb5-4572230a27c6,,,,,2024-01-17 08:34:26.697555
0406e6ad-310f-4034-af30-b61235972170,,,,,2024-01-17 08:33:59.148773
4891091d-d666-470d-bbab-f3fe2486b2e3,,,,,2024-01-17 19:23:34.790739
f5096afb-0809-45ec-982c-999ebcbd37d7,,,,,2024-01-17 19:37:43.077572
5431894e-fbb6-4905-9153-a68e48c29704,,,,,2024-01-17 19:36:05.614908
8c3d69d0-e6d0-4512-b69b-9a7c7e6a069e,,,,,2024-01-17 19:24:46.203715
b1fba07c-c9fc-40e4-a997-efacf4cee057,,,,,2024-01-17 19:43:34.911328
0f481365-ae54-4192-a0cd-b94a99b23f5a,,,,,2024-01-17 19:42:16.870281
b696d075-e99e-44b2-9fd0-ccd1669b396e,,,,,2024-01-17 22:06:55.018384
529d74ae-6482-4f6f-8bff-d0ef97ab04d2,,,,,2024-01-17 22:16:39.499451
be9cd3e0-80f4-486c-9a25-1bf83060bf75,,,,,2024-01-17 22:08:10.305963
53d4d56a-321b-441d-8dbf-cb3cfa45e353,,,,,2024-01-17 22:10:36.739896
640f4164-df35-4bbf-bb75-c1d9377c391f,,,,,2024-01-18 02:37:15.686022
82aba811-c028-4423-a5c1-80a22addcdc8,,,,,2024-01-18 02:30:40.107108
53a7eb4a-fa5b-40df-ba01-f010f9e7bdf1,,,,,2024-01-17 08:46:05.007297
0afdf259-18ee-4aa9-8b3d-1304a5166927,,,,,2024-01-17 23:21:02.371746
d660dd61-a531-4215-b38e-2b38f6a1d71f,,,,,2024-01-17 05:38:58.589656
5e76681c-e149-4cd0-9937-e7a156d90696,,,,,2024-01-18 02:21:17.362209
64b3a8a1-75f8-43c0-8a66-5c45ee679b1b,,,,,2024-01-17 22:17:10.616884
4fbdb255-c47e-430f-a3c1-c7a14a359d9a,,,,,2024-01-18 02:29:31.718949
8b0db5d2-a956-49c4-8246-8d95e9b20eb0,,,,,2024-01-25 22:06:18.400777
8de96367-1a58-4d51-9e9d-2151a44c7384,,,,,2024-01-17 08:31:56.377239
c116e4d2-d360-4fe2-972d-4641d24fc26f,,,,,2024-01-17 10:03:33.816778
0f98b918-cd8f-4c41-902a-8750fe342993,,,,,2024-01-17 09:11:58.589238
68155a40-9600-4952-9d57-c61d362c7139,,,,,2024-01-17 08:45:28.993325
9cb90737-1c42-4e77-9c6d-0f53b6fee8e9,,,,,2024-01-17 08:59:01.627770
1445006b-e401-48df-9972-e3d2e751a316,,,,,2024-01-17 09:34:07.402926
f4ca1a37-a498-4156-aa15-ba52a5588434,,,,,2024-01-17 09:50:28.121834
91d796b1-9703-427f-a427-a3fad38b42b9,,,,,2024-01-17 10:12:55.954535
6f0c28cb-cd24-41ee-97fe-ba8a17aa5f0d,,,,,2024-01-17 09:54:02.743736
db997ea0-36c9-4fcb-97f3-115f7a8bb33a,,,,,2024-01-17 10:10:08.431702
211f468a-a06c-4468-b7eb-f2efc89531d9,,,,,2024-01-17 10:31:21.530357
9f97f289-075b-4f80-b063-1a6421911e8b,,,,,2024-01-17 19:24:20.633383
f682f4f7-149d-4ff0-96da-7020e367e506,,,,,2024-01-17 10:12:13.788656
339140dc-3161-4608-b1d0-994bbe39b516,,,,,2024-01-17 10:49:47.177672
85406c26-19c7-464e-9e1d-235527e3a9f7,,,,,2024-01-17 10:51:45.970169
a1f16a69-daab-494f-8562-90498972d2bb,,,,,2024-01-17 10:43:26.581731
a7e32e6e-2b49-4fe7-b225-e639fb3c572b,,,,,2024-01-17 10:21:33.529332
f1d2fe64-542c-4313-8411-896c56d0868c,,,,,2024-01-17 01:08:31.296140
b3dd0a32-a2d7-45d0-a6ac-b8dbd7e8da10,,,,,2024-01-17 10:23:08.183312
35bd1a38-c7c8-48fe-80eb-7700734ea5fe,,,,,2024-01-17 10:39:22.418239
5a78a420-953d-4665-83dd-ce2c7cbcf1cf,,,,,2024-01-17 09:38:54.244312
f17be62b-3b43-4533-806b-7b75f39bdccc,,,,,2024-01-17 08:54:34.891853
7818a45b-d2e9-4efd-8722-d23c4cd4f016,,,,,2024-01-17 09:50:42.854218
1ea00b88-b451-4ed0-90d3-9bcbdadf04a7,,,,,2024-01-17 10:00:07.802983
b9771934-0de6-4d87-bf0b-629e9f60e891,,,,,2024-01-15 16:03:04.402149
cfe346e7-ac66-413c-a09e-ef71c3e838e1,,,,,2024-01-17 11:25:57.223921
c174f0bc-65ba-4ed9-8782-a51caa49654b,,,,,2024-01-17 11:36:23.310693
ffea2000-b457-4656-88a4-ba5812a9928a,,,,,2024-01-17 11:55:08.978451
58629414-53c0-4a00-b7c2-dc3f705bb485,,,,,2024-01-17 12:17:41.609584
38b66949-7a78-4d42-8959-2b8316abe81e,,,,,2024-01-17 12:22:48.136695
bb516747-6838-4ae2-8668-1ff25b13dc58,,,,,2024-01-17 11:51:07.752994
557bdd9d-2a87-4370-acf1-eaab2436e0c6,,,,,2024-01-17 12:00:17.068421
c1029069-c01c-4a9b-8607-8243f8419003,,,,,2024-01-17 12:02:13.937854
0fbc36ac-728b-4b32-b47a-dd5bcb6e19c4,,,,,2024-01-17 12:01:52.223730
822f439b-f60e-4570-88bd-0cdd712371b7,,,,,2024-01-17 12:44:13.807608
ac86c57c-2fd7-4fa7-8c0d-3d8e12e2c5db,,,,,2024-01-17 13:07:15.808120
c0697423-b83a-4129-8f2a-fa1a30c9e3e7,,,,,2024-01-17 13:08:28.773437
28f469f3-4fbd-414b-868a-87c9d92593d1,,,,,2024-01-17 12:58:44.525818
f7721715-2766-4a67-bddd-3679be1016de,,,,,2024-01-17 12:53:47.351726
c0211000-9b04-42af-875c-235085f8e688,,,,,2024-01-17 11:26:24.371111
137b6b4b-9b67-46a9-b555-ef5c37401839,,,,,2024-01-16 18:02:32.303715
aa1ae429-062b-49a4-ac56-a7897ad2fee7,,,,,2024-01-17 11:38:51.416798
8a196c2c-f5d2-4889-b7f0-32a25666731e,,,,,2024-01-17 11:54:49.932491
a303ac6c-f463-40d7-ad83-d1b7a3985187,,,,,2024-01-17 11:54:54.404645
a166effb-395d-4a12-b622-a999091c6d77,,,,,2024-01-17 11:09:16.147290
00d24d97-d78f-4458-a372-1fb4d42e122d,,,,,2024-01-17 12:55:11.469393
712bfaea-dbc4-4255-af28-f9392df9afd7,,,,,2024-01-17 12:38:40.083376
a26aacf1-a6d9-4cd8-a055-1f28dc26c66d,,,,,2024-01-17 12:54:14.418523
45ed96c8-0b16-4c97-87fe-5db211256b21,,,,,2024-01-17 02:25:03.331398
dbd88748-81df-4ddd-8c87-e84871e6dcab,,,,,2024-01-17 13:03:48.710698
0894f32d-d57d-4ede-bbb1-e4fb60c225dd,,,,,2024-01-17 11:06:48.202674
64fa93ac-5fd6-455b-8c5e-55e6a5e92fe7,,,,,2024-01-17 22:13:58.389242
83c32e9c-5280-4c7c-944a-a36cf8ffdc8b,,,,,2024-01-18 00:19:17.080315
81604feb-0367-40c7-9f31-4f92fb334233,,,,,2024-01-18 08:58:30.822222
66e958ac-a5fb-4ad5-a834-f7b41d70512a,,,,,2024-01-18 02:26:53.812126
7ea5e38c-64b0-423e-8b9f-2fb64c620df5,,,,,2024-01-18 02:33:02.233219
79e4ad93-50e3-42d2-9395-d64b90b2df9f,,,,,2024-01-18 02:44:11.437979
8e29201d-09d7-45f9-8033-4d8bf0534d34,,,,,2024-01-18 02:23:53.468639
1dbcab12-5136-4991-bdf5-cf2b64b13ef9,,,,,2024-01-18 11:15:36.760735
da1daf59-3dd1-42bc-b95a-ac76dd756568,,,,,2024-01-18 11:33:07.845325
2e0d2869-6638-45f0-9f6d-15a0f416ffc2,,,,,2024-01-18 15:00:27.491510
b2013601-c9b2-43f4-9525-04c7cbe59f80,,,,,2024-01-18 13:34:52.686376
6b6f7168-6118-46e1-a615-d73e2f97734c,,,,,2024-01-18 16:48:52.310797
150cfb62-b6df-4637-a247-424736906443,,,,,2024-01-17 13:10:19.585420
65172c96-4cc0-4674-a30c-7aaed316d27f,,,,,2024-01-17 13:53:00.904149
77f1c3df-3619-4f57-a19e-0b5387feae31,,,,,2024-01-18 05:55:06.867003
404f8b5b-e007-4a5f-b30d-c9a5ff0d069a,,,,,2024-01-18 13:28:45.746615
0e62410c-f7ea-449d-8885-b76d5fd0bb08,,,,,2024-01-17 13:10:14.384959
dc42acc2-a67d-46e8-9f22-5502490d4b91,,,,,2024-01-17 13:11:28.948103
5b91ae54-d79e-4327-adc2-a8437d06b34a,,,,,2024-01-18 11:18:25.382804
5c0f31b7-9c45-4d75-be28-efba5fa6cb5d,,,,,2024-01-18 16:45:23.764287
1e7e2c3a-1b63-40fd-92c1-b805c0a601a5,,,,,2024-01-17 19:44:05.067123
e68dd8c4-ac38-497e-a3e9-1735011a2e96,,,,,2024-01-17 13:12:00.955540
47d12a5c-d30a-405f-8eb0-3df35f1a3d86,,,,,2024-01-18 06:13:31.561293
6f9db9ab-1da3-43d4-868f-2b5dda84a388,,,,,2024-01-18 13:27:15.514194
f00af1a8-6e0f-462e-b1ba-c5f0e44f7cd0,,,,,2024-01-18 18:37:37.592664
494b7709-041e-4eef-a72a-b3abb47bc761,,,,,2024-01-17 14:25:36.467497
ad659010-5c0e-443b-8119-4b8f69a789a8,,,,,2024-01-17 13:47:25.857706
cafe70ba-34b7-45bb-8040-b94f75e190ab,,,,,2024-01-17 14:10:50.671158
bb49c05b-92f6-451a-a914-6c9349b79c7c,,,,,2024-01-17 13:55:36.227459
42542425-61c0-47d6-bc8c-503fc9f4e5e7,,,,,2024-01-17 13:51:37.919414
7308c106-c4b5-4423-b006-34e43197feb3,,,,,2024-01-17 13:56:35.791529
be212629-65bd-4ab1-b01a-f86b83851346,,,,,2024-01-17 14:17:49.867358
e11f2831-1261-4ad8-8dfc-482d325978af,,,,,2024-01-17 14:20:44.598205
4a77cea5-4e06-41ba-a5a3-1c2b9d956275,,,,,2024-01-17 14:45:40.361338
b977548c-617d-4f0b-9abc-a32caf6d7c78,,,,,2024-01-17 14:32:40.536904
cff409f8-8b86-4292-9f42-5c085ef6156a,,,,,2024-01-17 15:01:06.889629
c743b2dd-91ec-4bba-a9b9-0ba5f952fccb,,,,,2024-01-17 15:26:29.340722
ccd18fbc-83a3-4af7-87b9-7d053dd313eb,,,,,2024-01-17 14:51:42.311311
2fce4f25-28ba-42c0-b0d6-c9d1bcad0cb0,,,,,2024-01-17 15:45:52.250387
4c17692e-1bf7-413f-a13c-61461a66266a,,,,,2024-01-18 02:41:06.113623
8b1134f9-c631-4a21-82f7-284131dfc22a,,,,,2024-01-17 22:23:04.113664
3e7b1718-ef3a-4677-ba37-6c3868962ce1,,,,,2024-01-17 15:42:20.660667
c7e91f6b-d4b9-49e1-9fa7-d1c36fb5f234,,,,,2024-01-17 14:32:04.303548
edcf2e09-996b-4bfc-85c3-cad2f81fc686,,,,,2024-01-17 13:40:41.477122
a77443a7-06bb-41b7-b302-86a147cb4a26,,,,,2024-01-17 14:50:15.763679
b57d34da-9bf9-4cdc-be5d-1075d9c9781b,,,,,2024-01-17 15:09:57.142752
b695690f-a74e-4231-89d4-c6732bf2a408,,,,,2024-01-17 13:38:38.500306
0daaaf98-b875-4986-8390-0b37aa3b2754,,,,,2024-01-23 15:04:46.035373
6476518c-7765-443c-ba30-299487ff41d7,,,,,2024-01-26 13:25:03.609005
c0f98ce8-1752-4779-91ab-ee71c2aca68f,,,,,2024-01-17 15:26:50.178250
89927408-3b26-4228-9b59-d2882e67a862,,,,,2024-01-17 16:13:34.039304
f79188ed-768e-448c-80f7-caa4a295ecf3,,,,,2024-01-17 16:22:48.861536
f2af5fdc-f5e2-47b6-9922-9e6718ed4a35,,,,,2024-01-17 15:46:52.252687
a24f3516-2c66-4408-b2e8-59983ee699d1,,,,,2024-01-17 16:22:24.071754
5666f035-ffd8-4fce-8c60-b7d45f780c22,,,,,2024-01-17 19:56:22.435153
e9137f42-9352-40f7-8b12-da76f249fe9a,,,,,2024-01-15 17:28:59.569494
028f3a57-bb9c-4c96-aa37-70f5176ae166,,,,,2024-01-17 20:18:49.494716
bebc5901-5e5b-4d02-bd83-cf72d4f45950,,,,,2024-01-18 00:21:09.496418
2984a93e-10d9-4d00-9947-b94c31961883,,,,,2024-01-18 06:01:23.822497
fd01c4b5-6f47-4ee1-aac1-eb4b8bff4276,,,,,2024-01-17 16:04:10.229379
a9bda002-be6a-4b5a-ab1e-b64b69214753,,,,,2024-01-18 09:01:03.264765
2eb44d96-354c-4f57-93ab-2c5f9939fa7e,,,,,2024-01-18 11:21:04.846824
6644ee6e-2cbf-4b52-a822-821c37b4cf00,,,,,2024-01-18 20:37:34.719346
09bf69b4-de14-4203-92d2-4a98069647df,,,,,2024-01-18 20:27:54.685452
ed250f63-429e-4eaf-88b6-6fcb04464c29,,,,,2024-01-18 05:58:52.224701
e16f900e-0cef-4fdf-a12f-1b2e5d7ed1a0,,,,,2024-01-18 20:54:31.244806
280d591c-4a0c-4589-84d8-5b28e2cf7eb2,,,,,2024-01-17 20:04:06.603606
9bc147d5-2f59-45af-87b0-848ae5b5eba0,,,,,2024-01-23 15:08:26.573412
85823ab2-e61f-4547-980b-352a46b16fef,,,,,2024-01-17 16:15:50.261142
043144fb-2198-4183-9bf8-4e96bdfd29a5,,,,,2024-01-18 20:58:28.711219
71ba8eaf-b120-41e2-8e47-5f517e7a9085,,,,,2024-01-18 20:28:53.523389
df8f3e75-2d97-4afa-8d44-8009799fd60b,,,,,2024-01-18 06:11:49.783800
23cf2ccf-8b6d-4e1f-b8e4-7e1b9b3fc761,,,,,2024-01-23 15:32:21.622726
1d68e106-7af7-426e-84e5-fe77afbf2495,,,,,2024-01-17 22:21:12.304797
3e0718b7-ddc0-4ffe-ad28-1cd71116d90b,,,,,2024-01-26 13:25:13.394808
ef02e026-70bc-469a-936e-fe625ed65970,,,,,2024-01-25 23:17:04.333543
1044a813-18e7-4ad4-a7d4-4a6c9a50ef90,,,,,2024-01-18 20:54:54.982320
065035ec-d954-470a-a261-3aa5433e2c10,,,,,2024-01-18 20:38:10.481479
00b1ae73-756a-44dc-aa49-6c338ae63578,,,,,2024-01-17 22:23:04.791967
cf25e89d-87fd-4751-89ac-186a74d0a773,,,,,2024-01-18 21:27:28.305589
926d53c5-1095-4531-b629-f429832b985b,,,,,2024-01-18 21:47:46.134756
11edbde3-a40b-4d50-af2a-66a53d20c367,,,,,2024-01-18 22:05:14.583122
61cc05d1-d96b-4641-a295-ce9df1f1bce6,,,,,2024-01-18 01:23:37.906343
96d7a3bc-e0c4-4785-beda-261561fcddae,,,,,2024-01-18 22:21:48.938817
2b17a34d-4b23-4e8d-a635-7ff645708daf,,,,,2024-01-18 22:13:07.397550
7009abb4-578f-48d5-b37a-b014c71ed1a7,,,,,2024-01-18 23:04:40.946571
36dfd10e-862d-48f7-b61c-207de7494d1c,,,,,2024-01-19 00:04:48.532676
176452a2-5a10-41a5-ab10-4c9f8c8825bd,,,,,2024-01-19 00:12:58.573536
6238f5d9-a543-411d-b0a9-6f244a1c78e7,,,,,2024-01-18 14:09:40.806274
5472871b-3a5f-435d-9a23-32ff4a656c16,,,,,2024-01-18 23:30:38.511771
8a9da0b4-dd70-479b-bd45-20a2cf87a725,,,,,2024-01-19 02:54:36.838129
5fb283aa-ef58-4cb9-af8f-f34d9eb850d0,,,,,2024-01-19 06:28:58.382287
03952a32-e7f6-4266-90ab-e49172bc6486,,,,,2024-01-19 02:43:46.387000
263c33fd-9374-4e72-b7dd-8bfecd14c612,,,,,2024-01-18 21:10:52.470499
ecff14b7-5268-449f-b824-4da41bc8c3e6,,,,,2024-01-18 23:35:58.478126
1f5a1bbb-e05f-454f-a17a-ec86d6e64af6,,,,,2024-01-19 00:20:36.817656
40ce63ef-7a34-4793-89ea-eae0f5f2b011,,,,,2024-01-18 21:42:38.174422
13d9642a-3a01-4134-bd65-ebcca5733392,,,,,2024-01-18 13:23:54.265272
9bdfb3ab-a76a-484e-9d93-3a473bd47843,,,,,2024-01-19 01:27:52.313207
2cfa427b-77ca-43ee-9ce3-80f9692c4bf4,,,,,2024-01-19 03:09:08.713391
cef3e4aa-7ec9-44c5-b96c-f4fb3252d982,,,,,2024-01-18 20:44:08.866826
2f6dd4bb-b7d3-4c51-ae2f-61c3da7e5f96,,,,,2024-01-26 00:42:03.464268
50b3814f-1f58-4eb3-8337-2f9a5e0713f3,,,,,2024-01-19 07:06:31.692763
2402a3b3-854e-4b8e-a075-25d0a118c0be,,,,,2024-01-19 03:43:47.810179
e09b6692-2dc4-48bc-834f-10448ac47fe8,,,,,2024-01-15 16:15:19.802760
f3bc4d78-8230-4767-a244-d7685c499d66,,,,,2024-01-18 11:48:04.203481
ced831f5-3241-4407-8984-a347b45e5b92,,,,,2024-01-19 09:06:12.912406
725691f6-a942-4068-85fe-d3815269ee82,,,,,2024-01-19 08:08:41.403486
7e5f179a-c7d4-4304-931f-ec564c17ba37,,,,,2024-01-19 08:26:20.994317
b6d9c883-5b1b-44c7-b916-5a7b2601fd1e,,,,,2024-01-19 08:47:07.264567
e81b1fec-fd04-4c92-b09d-71935e798dd2,,,,,2024-01-19 09:18:35.497447
c76fb0e9-2a02-4cff-aef8-97afdbe40516,,,,,2024-01-19 09:43:30.122257
cdf8ef64-0f53-4b71-aaf1-0a0fc574cbb8,,,,,2024-01-19 09:25:51.059692
220e4789-9889-4caf-af83-8adbe3bb5703,,,,,2024-01-19 11:14:37.705433
1c3507b5-06b8-458d-bf1f-b45ee4ff383a,,,,,2024-01-19 11:15:52.326737
73ede79e-39a7-43e2-93b3-caa43c36a8be,,,,,2024-01-19 11:05:30.441122
08424435-3506-4027-bd5f-1f2b22f1c338,,,,,2024-01-18 14:32:55.797125
1c44571b-f684-4c75-baf7-0d505bb6c30a,,,,,2024-01-19 10:21:05.306315
86ea6811-9731-40d6-bd9b-f545e208d1ee,,,,,2024-01-19 10:26:50.174326
425170ba-ddf6-47ec-ae32-c81bca88cc72,,,,,2024-01-19 09:58:23.845404
67c50613-c01e-4258-bb89-37696f66a7dc,,,,,2024-01-16 10:26:13.721784
e9d72313-3a5a-4660-b22c-a3f0209f0e3a,,,,,2024-01-19 07:45:20.792768
5c8211dc-3d6a-4c15-a073-bd46aa839100,,,,,2024-01-19 10:38:05.896872
5874f23d-0422-4247-b8e5-c39fc344ea61,,,,,2024-01-18 05:04:49.318700
2ea4342e-3387-472e-8c00-41ab08c3035d,,,,,2024-01-19 09:30:30.684492
3841b9e5-ee30-47f4-ae33-cdc5f75d8d9b,,,,,2024-01-19 09:41:32.673521
b2d5d89f-b9a8-40a2-b21b-b99a11343b7f,,,,,2024-01-19 02:39:44.014222
532f89a1-1c50-48d4-a38a-4af09ce4fec5,,,,,2024-01-18 07:24:50.181100
b6b23ff1-2bb6-4715-b99e-eb95f252937f,,,,,2024-01-19 12:07:45.706210
a5b75203-a8af-475e-a897-d501f1fce3b4,,,,,2024-01-17 03:40:38.049709
ef696c27-199a-4443-8cd5-182c22c1421d,,,,,2024-01-19 11:12:39.002038
08c5bd1c-1c41-4f64-9977-88ed3ea8b4e5,,,,,2024-01-26 01:12:00.254776
ac34f7dc-1ba4-46cc-835a-357792dbf3f9,,,,,2024-01-19 13:10:22.344403
f0d83158-a4cd-4dd9-8ef6-1dd79b208c91,,,,,2024-01-19 13:08:40.212772
40e840c2-dd5c-4cfd-bf9d-a0b1b56b973b,,,,,2024-01-19 11:55:14.006937
56babda3-605d-43e4-a4c6-d12f04ad6cdf,,,,,2024-01-19 16:03:19.259055
126212b4-d14c-4567-9a1a-4c96f2142794,,,,,2024-01-19 16:28:10.990218
d6c7d68c-c8eb-414c-8c69-0465871df9c4,,,,,2024-01-19 20:04:40.535087
3ad2db16-3747-460c-8791-096f994bd742,,,,,2024-01-18 11:08:34.483977
109ffd18-01b5-4960-b1a4-ecef2cd1403c,,,,,2024-01-19 16:57:43.304973
dc8bd3c0-ad30-4eea-8ae2-0b170945dc29,,,,,2024-01-19 11:20:45.666507
53edb11f-ae2e-424d-8175-22545d5a4d3b,,,,,2024-01-19 17:30:09.091089
302aba33-3e7b-488c-b05f-1e71898a1688,,,,,2024-01-15 18:20:45.053330
3a0d90d4-ff8d-4d86-9fcb-03c5e1545d4e,,,,,2024-01-19 18:13:58.972489
a4dee848-c7e3-48fc-9d12-f1c12c334ada,,,,,2024-01-19 16:27:45.480681
58ac31e8-14ec-4fe0-9af8-4fe6ff1f6a3a,,,,,2024-01-19 11:51:12.281334
b545e96f-686e-465c-be1c-2316feaf69ba,,,,,2024-01-19 18:15:23.343936
e188ace4-6a43-4225-a6d2-bba7ab05b6c2,,,,,2024-01-19 13:27:36.022674
d0febc20-e68b-463d-9576-04f63bba2742,,,,,2024-01-19 16:37:22.956954
7925a852-6d2a-460c-a511-87437f6cceb8,,,,,2024-01-19 16:12:49.140138
16dbe7c9-1079-46c3-984d-23742eca4e68,,,,,2024-01-19 10:40:52.287756
b2dd5a6b-669d-4c4f-9b8d-efa5a3d80414,,,,,2024-01-19 16:07:15.273780
914d9c57-e48d-40a3-b0c7-ef41f6d0b4bb,,,,,2024-01-20 00:54:43.746397
1b66f3ce-2d56-4211-81ff-d5db57091ade,,,,,2024-01-19 20:21:30.622037
6bf519f3-8275-415a-98f6-7e4e811589a4,,,,,2024-01-18 13:49:19.567179
1be1d745-9a2b-4cee-b6ce-2618670fbde7,,,,,2024-01-19 21:11:13.869217
d60dbf37-af11-4bb4-b62d-e4222bc686a9,,,,,2024-01-19 20:34:24.663049
ff74a09b-dfc6-4c52-84a6-cdcf60daa39e,,,,,2024-01-19 21:23:49.828313
25367027-8440-4511-928a-29fd5a2a1b42,,,,,2024-01-19 21:24:33.451324
309a4ecb-1b09-4960-9e10-3c4af8a09903,,,,,2024-01-19 21:29:40.866329
fa2ef975-43f4-42c1-80fa-08dec8f57f8a,,,,,2024-01-19 18:41:04.293165
5a292a15-9863-40d4-8962-9b82c9055c2e,,,,,2024-01-19 22:08:22.771432
f50ce790-8fab-4072-8569-448d70e50f57,,,,,2024-01-19 22:40:50.153356
2b7e7662-f4df-4174-a47e-c74ba7ecfb8b,,,,,2024-01-19 23:48:02.513613
07219c03-fa0e-456e-a1ef-23e7314a6f8a,,,,,2024-01-19 23:52:31.483247
a2e8d890-76cc-4fa8-bd39-a1b55310540e,,,,,2024-01-20 02:05:02.868715
abe94e8c-f372-47c3-8e4b-b0f1116a430b,,,,,2024-01-19 23:56:05.304411
2e0db6c3-d5d6-447a-a316-e226ab3f168a,,,,,2024-01-20 00:09:03.132717
f374e893-3c59-43be-abc4-f751ea6da4d6,,,,,2024-01-20 00:19:22.289987
5752eb84-f769-4bfe-9a77-d27e0a9f1288,,,,,2024-01-20 00:48:37.354396
2af931a9-60ac-4cd0-a9d1-4f7379899d70,,,,,2024-01-19 19:53:08.934625
3ede0b2f-23ac-4515-b2c3-100173c340d2,,,,,2024-01-19 21:24:26.378756
765b5a44-5a86-4abd-8309-eca9a920b436,,,,,2024-01-19 19:51:49.320695
a35f9b26-b9ab-4ef9-966f-37555401ca32,,,,,2024-01-19 19:16:12.720697
7af54b02-163e-4ceb-afe3-a0e63fcdd7a8,,,,,2024-01-19 19:26:20.942577
d5c01dab-a084-42e4-8cfa-f5ecf043ccc0,,,,,2024-01-19 19:46:45.320281
da5b5625-c333-43bb-8747-cc7e26813c6b,,,,,2024-01-19 19:51:53.375091
bc521bad-a336-4425-a207-13958d42c561,,,,,2024-01-19 21:09:54.595180
9401ecd9-41b0-48ad-a431-f238c272bf01,,,,,2024-01-26 02:02:55.518846
c85c9c98-b507-4035-95fd-67b744e0b1cc,,,,,2024-01-19 21:45:52.787459
ada77e0d-e65c-4311-bf6a-c490eca2f2a7,,,,,2024-01-19 22:34:00.119283
de968c20-c9ac-425f-8812-a985ce066bae,,,,,2024-01-17 19:55:00.818157
f89abc76-f585-4ae9-aa83-166318becdb2,,,,,2024-01-20 02:21:53.932888
5d4d6a73-ba24-482c-ab23-70cad6197a8a,,,,,2024-01-20 03:28:11.694102
b264d0dc-427b-4d33-8422-b1348ac68777,,,,,2024-01-20 01:41:51.650367
c6ece4bd-97cd-4545-9799-b0ffbe6a1427,,,,,2024-01-20 03:02:33.368869
cec9524a-64f7-4d81-9b0c-00e2313aa831,,,,,2024-01-20 02:45:54.665800
008bf6d9-0e6c-4eda-9d8d-84a5cc5a4c11,,,,,2024-01-20 03:49:56.956869
ae8d4fb5-5624-4b53-8f0b-4315d964cbb1,,,,,2024-01-20 02:58:08.731089
06d800a3-307a-479c-b759-ce552a9046aa,,,,,2024-01-20 09:33:54.012297
f529e33d-71a2-41f3-a8b4-4362ef0334cd,,,,,2024-01-20 09:40:29.489593
386e50c2-9958-458a-9305-c565429a30f1,,,,,2024-01-20 07:05:17.025482
44f36cd5-cf1a-452a-8192-f32edf54d433,,,,,2024-01-17 13:42:57.358022
ee90aba8-bc63-4488-9a0b-23b9ab49c3d6,,,,,2024-01-20 05:34:17.140996
309e121c-403b-41f1-bce2-8e3d7c517002,,,,,2024-01-20 08:29:58.215351
14c4801d-d5de-4d1a-bf72-b8d34099251a,,,,,2024-01-20 09:16:19.514812
83e89d10-3e8f-49f6-82c2-2771d4b23497,,,,,2024-01-20 06:24:06.225499
a4a6c389-27a5-46ef-afb8-b3a2c6ba4dab,,,,,2024-01-19 23:37:32.288584
dda46cae-324e-49c2-808d-ebb5dacb8035,,,,,2024-01-20 03:02:20.936703
a7ea4682-5522-4f27-9a0d-a106981ca0c0,,,,,2024-01-20 06:08:13.500519
4dc36fae-12a2-4319-b331-7e711902254c,,,,,2024-01-19 08:05:01.263022
52533eca-0a3d-483d-a2b8-f38fe341f33f,,,,,2024-01-20 05:34:47.919150
62e7fb25-ef8a-403e-b248-d8e1824e6ef6,,,,,2024-01-20 06:43:21.228470
1d011c58-1bfb-4db7-8ab7-a0a324f49393,,,,,2024-01-20 03:48:33.803006
6a45fe63-df55-42d5-b6cb-ebbb6ff3a482,,,,,2024-01-20 04:29:07.931816
639b45b4-ab7f-422d-b135-9ec0f3296027,,,,,2024-01-20 06:25:29.669002
e0a4c9a3-7c30-4882-b8a9-ead406490bbf,,,,,2024-01-20 09:14:49.535927
4a1143fd-8c66-4b0d-8572-0609b5d3e7ec,,,,,2024-01-20 08:44:34.793419
3b4c38a8-f7fe-4c60-9487-ed1eb33d6505,,,,,2024-01-20 10:19:35.134968
47e67818-ffa3-4dac-956a-dc526413d235,,,,,2024-01-20 09:47:57.858690
bd78e387-81c1-4490-9438-ef01eba2a812,,,,,2024-01-20 10:35:22.285431
154f39dd-b332-444d-9f35-b10b994b4d32,,,,,2024-01-20 10:45:08.476035
1c2e3cf7-5cbf-4c29-8514-d2942d5ff5b1,,,,,2024-01-20 11:06:27.271159
90d2e9f2-1810-418d-a532-c979261e0921,,,,,2024-01-20 07:04:53.820561
99922705-81e0-4bf4-befb-7423fe38f08a,,,,,2024-01-20 11:02:16.968776
1f66c2fc-a3ee-44cf-9887-0de6d771b68c,,,,,2024-01-20 07:43:29.031873
ac1335fc-4581-4b54-a782-051de8304656,,,,,2024-01-20 11:11:43.360385
2ebc4643-8cea-4e8d-95df-084096014d5a,,,,,2024-01-20 07:44:43.926159
7001cec5-b0d6-404b-a138-d91206f775e6,,,,,2024-01-20 11:44:30.196958
ab5ff725-8a30-4fb6-851f-5d099753fe9e,,,,,2024-01-20 12:02:11.306523
7fd98788-bd17-412f-83f5-db5e99c9872d,,,,,2024-01-15 17:11:12.538716
1808da5a-00d4-43a7-9ebf-1c024d844f08,,,,,2024-01-19 12:36:23.717797
ff17d643-9a2b-42fd-b386-54c3ca8b50e5,,,,,2024-01-20 11:05:13.878459
3290686b-86b9-4b77-b647-c649418e4cb8,,,,,2024-01-20 08:40:15.556517
13139163-0831-465b-bae7-9abdcfd5600c,,,,,2024-01-26 05:39:38.433103
b140fd50-3c17-4df1-b254-9efecf155ce0,,,,,2024-01-18 11:09:09.198266
ce821ac6-976a-4df1-84d2-a7d851bdc4ef,,,,,2024-01-18 06:01:06.680029
7e6c8148-e989-4f9c-8b89-5b800749246f,,,,,2024-01-20 10:57:45.709326
d397ab72-4164-44a7-9bf0-51df88a19763,,,,,2024-01-20 12:19:31.466559
ed444ac4-64f2-4c18-90f5-98e7daf1a69f,,,,,2024-01-20 10:37:16.369049
ad71f97b-7310-49a4-8c26-103f8c10d0ae,,,,,2024-01-17 19:32:40.078875
b9dea11a-f815-418a-95be-6f4cf344b4eb,,,,,2024-01-19 19:17:56.594969
ef077246-30dd-4f8f-9dd0-dd23e45aead0,,,,,2024-01-22 03:08:03.525577
a0ca24f7-2078-4229-bff0-b8e43796b40c,,,,,2024-01-15 18:52:55.035348
190af29f-3bb9-498b-b50a-a4372ef83d14,,,,,2024-01-15 18:54:42.201342
fca100c9-52af-4b24-acb1-83764773042c,,,,,2024-01-17 22:59:21.680679
277f9294-8c14-4304-a3d5-3eeb96b0ee7d,,,,,2024-01-21 23:33:57.054723
61e3099f-475f-4262-937e-a4df0008c48b,,,,,2024-01-22 00:13:43.379237
fd5ba07d-c5ce-4927-8718-5ef539f43677,,,,,2024-01-22 00:22:08.699765
70de8b9b-add0-4c75-9544-9fe2e1b2082c,,,,,2024-01-20 11:44:45.147069
47a75682-5d8c-4a00-921f-31be0262584d,,,,,2024-01-22 00:59:16.404832
f7233b29-7fc8-42a8-9530-b17a526b3b10,,,,,2024-01-22 04:17:13.684902
e0819c6c-9178-4a93-a13e-d952dcd4a2e4,,,,,2024-01-22 02:05:47.214827
fdffd7cc-c4df-46e6-a08d-32a23060da15,,,,,2024-01-22 02:50:34.988692
c79d50dc-21f8-44c3-8c92-99860bd9c811,,,,,2024-01-22 03:01:20.096501
fac8ec77-35ae-4f4d-897f-bcac0b126029,,,,,2024-01-18 21:23:31.795323
e632abde-62a6-4c16-9422-49cf47754303,,,,,2024-01-22 02:18:32.302080
4a90fe21-3c1d-43ef-bf74-3ab7bd2b07b4,,,,,2024-01-22 02:48:21.106999
26609654-bd96-4393-b18a-75e79a65ac9b,,,,,2024-01-22 02:14:37.088957
cc41b303-6162-4b3e-a574-ad8dc4921383,,,,,2024-01-22 03:14:10.885351
367b220f-cb0a-42ef-9c6c-a7636049225a,,,,,2024-01-22 01:56:29.271142
fa07539d-4a6d-4c48-9edc-8de4ae04a5c5,,,,,2024-01-22 01:05:51.547126
e5f4b432-c682-4425-97a3-d60ed39036e9,,,,,2024-01-20 05:36:33.892993
507f8866-5f37-4c12-978d-94f3f9789bc6,,,,,2024-01-18 05:38:56.288517
8d02dd26-652c-4bbe-a808-056752a06525,,,,,2024-01-26 07:03:40.051297
ed0dcbb9-dd34-4fe2-9c8c-539c55eb1180,,,,,2024-01-22 04:17:10.483629
f8cf3eba-3d08-4790-a3d7-0f93d17c4f24,,,,,2024-01-22 05:44:26.056895
1ce8854d-8c6c-4c8e-8b86-7dd7a12c5d69,,,,,2024-01-22 05:27:21.616207
c93c8ce7-628f-4186-87a4-9ddf5059c356,,,,,2024-01-22 03:58:40.282741
4cd45ff6-b847-487f-a476-d2fcdcc83f37,,,,,2024-01-22 12:00:06.278902
6c229ea4-e5fd-4875-8c79-90d32e0eea31,,,,,2024-01-22 09:10:30.957559
4c77f0a5-c595-445f-bed5-577b27148b5d,,,,,2024-01-22 09:22:58.829504
40468da6-d673-4379-9d0f-b0f6c1d15514,,,,,2024-01-22 12:12:52.248815
98f9d9b8-d7e6-42b5-af12-f0ea5e4efa3d,,,,,2024-01-16 15:16:52.269499
287554f3-8a7f-4856-b838-4c84fccd00a6,,,,,2024-01-22 12:41:11.146317
930d11ee-e548-48e8-8bec-1676e0eb9485,,,,,2024-01-22 13:56:04.797227
2760d51d-916b-4593-bfea-45465f7ce192,,,,,2024-01-22 12:47:06.858643
6e4d00c6-4c50-481c-9b57-4af0bf60f94a,,,,,2024-01-22 07:30:27.611454
00f50fa3-ca59-495b-a92e-f9a83ef3df63,,,,,2024-01-22 04:55:20.477366
5d3321ba-3595-4e03-b562-c87d87f859ac,,,,,2024-01-22 07:35:59.332449
a71cb78b-644a-425b-aadb-5e2928868adf,,,,,2024-01-22 10:40:23.326506
316f63e4-b99e-426a-8d10-1a6ad146a1a5,,,,,2024-01-22 08:13:16.161678
38c21eaf-3554-4541-951f-748ea30a828e,,,,,2024-01-22 11:24:15.642381
ba992710-a6c2-4c54-ba7f-3a79c940a1ab,,,,,2024-01-22 07:46:12.947556
4ed019b7-6170-482c-a09a-2c7326d7baae,,,,,2024-01-22 10:37:01.525040
264175a9-4a6b-40d4-9bae-4222b2a3e76c,,,,,2024-01-15 16:27:18.889300
6b1a6d82-e0f1-476f-8784-a8e9b32a53e1,,,,,2024-01-22 05:16:55.443459
05b0b159-1961-4525-b459-0f4c33af47fb,,,,,2024-01-22 05:00:40.619168
d1aa17ca-e5e8-463f-b84d-6fb3700e5a7b,,,,,2024-01-22 14:27:33.656372
4a56acb4-9406-4af7-9670-985b9b1fef74,,,,,2024-01-22 15:42:40.245642
48c4be02-8590-4c24-8328-3280ff56f761,,,,,2024-01-22 16:14:14.060011
12889ab4-41fe-4e3d-a850-09dcd06d741c,,,,,2024-01-22 16:59:02.805257
c7245385-249e-4348-afbd-d09d56d97eb3,,,,,2024-01-22 22:52:34.657536
9e990b9a-8ec0-453b-a3ee-1a61551037aa,,,,,2024-01-22 17:50:11.282553
079d1e15-bfaf-4fd7-a151-629044719b99,,,,,2024-01-22 20:52:20.336654
1a636962-abea-4037-b4f0-0e71b10afd22,,,,,2024-01-22 21:01:20.469548
b2310c78-7433-42ba-b8c4-820f9d7b398a,,,,,2024-01-22 21:31:27.794838
993d3e69-d3f5-41d6-af72-05f6ae40e9ce,,,,,2024-01-19 21:23:26.238146
a01ae994-6500-41a0-97b2-bf03d2b7f79f,,,,,2024-01-22 14:34:24.274238
39e217c1-6be4-482a-a4ab-966019962bd6,,,,,2024-01-26 07:25:18.915783
5e7ef3c3-ea0f-499d-b4a9-5456271688e4,,,,,2024-01-17 12:06:59.458980
040da553-fedb-4a72-a212-1d499a86a33f,,,,,2024-01-15 16:15:27.700189
370b300b-e86e-45a0-829f-59468fd23215,,,,,2024-01-15 16:37:33.097475
5dbd0cda-f2d5-4718-b7d8-8135861c47ed,,,,,2024-01-22 19:05:48.626111
12cead36-a255-4ce3-8f35-4aa4e371da20,,,,,2024-01-22 22:34:17.304935
95bec1a7-4e78-4ece-8b98-e75f7faaf91e,,,,,2024-01-22 14:23:42.236301
9430bcdc-c15a-4fee-94ff-b4846a9cf31b,,,,,2024-01-23 12:35:50.459675
d3a981ad-fac8-4df1-a700-9a46af4fa5a3,,,,,2024-01-22 16:19:48.365531
210baab6-85f5-4186-b6ef-1ba288e3db13,,,,,2024-01-22 12:55:47.136294
9a7ad9b0-63f7-4d2d-bd7d-9f45b04c60d0,,,,,2024-01-22 17:49:45.623412
16d3b4c9-97e1-4ff2-9b69-882a1ee31cbf,,,,,2024-01-22 13:50:56.483318
2dfeea2e-5197-4c41-9b21-854bf7e84665,,,,,2024-01-22 09:39:55.747998
935bc672-06aa-412d-8f61-388bb9c7f159,,,,,2024-01-16 18:20:01.159942
d9e4e8cd-dadb-4be2-a12c-dcb1f5cd185a,,,,,2024-01-17 15:51:06.314134
10f37b3b-2748-43b1-8ed9-20cdcd533dfe,,,,,2024-01-16 16:01:55.938566
6869b006-1c8e-4046-b4b9-774a327db7bd,,,,,2024-01-20 12:26:16.883116
e0f0f6fc-dbe8-4157-9765-67aa0c71d7aa,,,,,2024-01-23 12:35:56.286558
564a6955-9b21-455f-bd86-99c0aee06f17,,,,,2024-01-16 16:10:59.331572
3e2c2228-799f-4aa7-9dff-5cb98101d605,,,,,2024-01-15 17:20:42.756325
a63e384f-bf70-401f-a96e-960f464512c0,,,,,2024-01-17 10:00:51.548791
934e0a3e-2551-4e26-abbd-e1537724db7a,,,,,2024-01-16 17:06:21.354397
c5bf5cf8-3447-4176-8de1-b0afdec5ad0d,,,,,2024-01-23 12:37:57.561226
0cb7839a-997f-4a12-9fee-3d7a79de2018,,,,,2024-01-23 12:51:07.373555
ef4a77c2-6da2-4f13-9df7-0d97e20db87d,,,,,2024-01-23 12:51:58.360892
274ca4a7-e7a9-494b-9a20-17f7a7fc057c,,,,,2024-01-20 01:43:01.302167
f1cf53b8-6e3a-4e74-89ad-422e439462ec,,,,,2024-01-23 12:42:18.772229
7e3e7db0-033f-4aef-93f7-297452ec9391,,,,,2024-01-23 12:57:09.034693
4d05b59f-2a62-471c-a516-39e1db923fae,,,,,2024-01-18 22:49:46.820099
89e2e151-df72-4367-a6d7-3b8dabbbb3bf,,,,,2024-01-18 11:28:57.046161
50590f96-d841-4cb9-965e-88daed8eba04,,,,,2024-01-22 00:43:35.173952
5721c8b8-6cea-4ae3-bce5-7260bd649d76,,,,,2024-01-25 18:19:53.659835
d54b337c-9f26-4dcc-b9a3-096bb2a9bde1,,,,,2024-01-25 19:40:25.210568
c94bafbf-72ce-4f1a-8aae-bcebdf39011a,,,,,2024-01-26 14:26:22.236308
640ebc07-9d63-4436-acde-838ade32f82b,,,,,2024-01-26 19:45:28.758095
951ce62c-bbe5-4994-a823-19894cf38673,,,,,2024-01-26 20:28:05.943988
06a21627-1f2f-4ddd-9768-1e2ccfa2eb6a,,,,,2024-01-26 22:25:20.025437
70a1b7aa-e6dc-4cc5-b044-5b767f75011d,,,,,2024-01-17 17:02:01.492424
53e83c41-011e-4d1e-8bc3-cff1d077affc,,,,,2024-01-15 17:34:04.201696
a38d9a73-0948-40b3-85ae-ab811f22adc8,,,,,2024-01-23 12:36:19.320439
5fd1ce05-6258-48c4-8884-8f1d992e4a0b,,,,,2024-01-22 06:35:23.347702
07b46b97-c1fb-411c-a605-ba869b901e27,,,,,2024-01-15 17:43:19.485162
c85328f2-205a-4505-96c3-0deded9c9cb4,,,,,2024-01-17 07:27:58.925243
0535210d-a376-4be6-bdde-e048dbba8b1b,,,,,2024-01-16 18:06:16.823453
28b5ec49-1df4-409f-94ee-a360e262cf8a,,,,,2024-01-17 13:32:31.015037
aa269780-3766-40b8-963e-e8b3a0e3cd30,,,,,2024-01-23 12:44:59.941279
d6b051e4-1a9d-4ca5-a4ea-3ba3e511c0ba,,,,,2024-01-17 04:49:42.289061
7bda338f-ed80-4d95-bcb2-8272a6b02584,,,,,2024-01-18 17:41:28.398415
d9092a30-5963-49cf-90a2-e937d290e843,,,,,2024-01-23 12:58:55.275012
b75306c0-9dc1-4870-b972-0aca57a17d47,,,,,2024-01-17 13:13:28.332633
916f3231-dc7b-42be-85c6-1d88761b807f,,,,,2024-01-23 12:41:01.847721
f37ef2db-5e80-4a35-a980-ed3424c5a78f,,,,,2024-01-23 12:59:12.278684
668b8548-986e-4f35-819f-c234c5f5a49d,,,,,2024-01-23 12:41:59.026176
49365a5d-1e40-4c9f-8659-70a9b57637f8,,,,,2024-01-18 05:43:34.151199
9b357843-4480-4b08-835f-fcf2f6f7fda3,,,,,2024-01-23 12:54:54.468373
c4cde1de-0f5f-43fe-85b1-c8edf4f1f16e,,,,,2024-01-19 11:13:46.105816
32078877-37fa-479f-a694-c1c8cfc815db,,,,,2024-01-23 12:51:03.315129
416ffb76-0531-4331-a920-c296e6f38a88,,,,,2024-01-17 02:47:36.262388
0a4794fc-5d1a-48eb-a918-c03882ca48d9,,,,,2024-01-17 21:27:35.959603
30dde87a-eccc-41e7-8dce-6ec1f03233f6,,,,,2024-01-23 13:02:12.702844
16f34834-ae65-4887-9e73-8a45315a5e1a,,,,,2024-01-23 12:50:17.219264
0a407690-9c57-4d2c-9e42-8f89684dab98,,,,,2024-01-23 12:51:52.256416
47a97593-2d86-458d-b7f6-19903babed5c,,,,,2024-01-23 13:03:08.631524
9fe7b2f3-60ac-4ae2-910d-801a43a4f6d0,,,,,2024-01-23 13:08:57.483549
f6404c44-5183-453f-a910-2e2035b87f00,,,,,2024-01-24 15:00:19.489885
a387f642-eff7-4497-ad19-98e5a494f655,,,,,2024-01-23 13:05:42.560230
cc447808-4157-4d88-8c72-db6f44e951ae,,,,,2024-01-18 20:13:56.904156
9348d3bd-5e80-4877-95ff-c540b886177d,,,,,2024-01-23 13:06:36.929098
9d1f9803-06ae-4ad6-bd49-9be0a3b3d735,,,,,2024-01-22 22:21:12.468866
6d346f21-208f-4d39-83ba-51b07b0bafe7,,,,,2024-01-26 20:44:41.267811
568a4e84-391f-4a87-859e-bbf5a9b045e7,,,,,2024-01-25 07:40:45.678240
367e2317-6f89-478f-8139-9f995cf78ce7,,,,,2024-01-25 13:49:08.614650
48c0eeb4-93bd-4511-8e9a-2c86e12af8ca,,,,,2024-01-19 16:07:15.242979
22e9062f-0e17-41b7-92e8-6aebcff584c4,,,,,2024-01-25 19:16:39.216208
a0587599-1ee6-4a04-a5e6-5830d87832fc,,,,,2024-01-25 21:34:32.600899
902a04d7-2b5c-4f09-a2e1-9aabef3846d0,,,,,2024-01-25 22:04:25.236693
0c76235f-1580-4bba-9bbe-ccd2c8b548ac,,,,,2024-01-25 22:49:58.036535
e9920aa6-f85f-4bb1-ab71-e19d78e0d294,,,,,2024-01-26 09:38:06.006238
768e05e7-24d5-44c1-a582-2c93b51743e7,,,,,2024-01-26 11:06:16.940505
f4d8e1d7-489e-4f23-a44e-d1701a09b9fc,,,,,2024-01-26 13:09:15.287274
08e6bc71-135d-483b-a8f7-f1904256455c,,,,,2024-01-26 13:03:57.120927
df5a6b0c-5064-4fbe-b0a7-eaee68f09db4,,,,,2024-01-26 14:11:39.896965
a5a1de7b-7804-45a4-a029-ee7fac12eb25,,,,,2024-01-26 15:02:45.613245
02c9261c-9d04-4213-9140-f35b5f3fb968,,,,,2024-01-23 15:27:20.860366
547ef07b-ffd9-4ccc-84a5-8b567621eaac,,,,,2024-01-23 13:02:29.224826
cfbf7729-9456-4ee9-bb0e-a14427933cc1,,,,,2024-01-19 11:52:52.285864
fc507df6-a4f3-4f89-891b-4070d8f5493d,,,,,2024-01-17 23:07:19.219008
0eef4f79-6972-4341-a1be-c6f1353145dd,,,,,2024-01-23 12:57:31.405307
79576277-d2c5-4d9f-bc10-9d61b2c0ad4b,,,,,2024-01-23 13:04:49.785208
1209de01-fc6e-490f-9299-9a66060b326b,,,,,2024-01-23 13:06:44.392964
300b49e2-e617-4df3-bb4d-8a7f777ce7b5,,,,,2024-01-23 13:37:34.191632
53f60c61-9320-4f5c-9e6d-a6bbd747a099,,,,,2024-01-23 13:08:20.644825
a2d31159-8b13-4f3a-bb32-9777468e0ace,,,,,2024-01-16 18:41:06.325023
4db3bb07-f313-4631-b601-d9ba26a88b2b,,,,,2024-01-15 17:17:12.902072
20be0931-40fa-43a0-8802-12e8e5e0f5de,,,,,2024-01-23 12:59:56.827247
23ef013e-367b-4b2f-8bdc-770f83019c72,,,,,2024-01-23 13:03:11.465590
3b2a36c1-c241-4ac5-971f-6b78cc565f68,,,,,2024-01-23 13:05:24.879014
024929c2-30a9-48e3-b8bb-58a35a882ab3,,,,,2024-01-23 13:35:36.784116
a6916bb5-0280-4d1f-abc1-7f2f4d616df9,,,,,2024-01-23 13:21:18.087751
7aaa43eb-19fc-48b9-91d1-e62da96763cd,,,,,2024-01-23 13:20:07.134468
95758ab6-4fb7-40b2-b029-5e28c1d4984e,,,,,2024-01-23 13:18:49.024791
b3d85fe9-f73a-4d48-a4d2-34385b9679b4,,,,,2024-01-17 02:00:35.111287
c4f14df4-f6bb-45b6-b0d9-e124258c641d,,,,,2024-01-23 13:14:26.246753
e16c4533-8775-4ad6-8a53-d1409788a50b,,,,,2024-01-23 13:13:43.672556
860643a4-b406-4d87-9103-3bce53e5f958,,,,,2024-01-23 13:18:54.192703
2cc632c7-86ab-4a0f-8f32-d264c5bd67ee,,,,,2024-01-23 13:22:55.248377
5240cb92-7abb-4974-a9b2-d1f0612553bd,,,,,2024-01-23 13:23:09.618522
fee2ba5e-6200-42d2-90f2-fc966622701d,,,,,2024-01-16 17:14:43.124190
7a8a9993-412f-4a3c-b82e-e700fa9a31cd,,,,,2024-01-23 13:10:32.654522
e320a280-9a0f-4d92-8c55-134742934143,,,,,2024-01-23 13:25:52.329042
b5701c99-7f82-4a50-9e7a-6968138f4d54,,,,,2024-01-23 13:29:02.215663
fb8218b0-7ef1-44b7-ad65-2ed462c6fe8b,,,,,2024-01-23 13:30:49.493267
87d71c20-7c94-4617-8358-fe0dd0b12a40,,,,,2024-01-18 15:11:34.183142
5a4d169d-e8ed-4b30-b4d7-70cb0a4bf6de,,,,,2024-01-22 11:33:06.839665
826956a6-7634-41fe-ae96-9429338980eb,,,,,2024-01-26 09:59:20.752167
5193fc31-644e-4658-97b4-772002802714,,,,,2024-01-23 13:51:27.990196
486ec8a4-1020-4df7-a560-4b795e943a73,,,,,2024-01-23 13:45:09.286821
2b2ac3a8-b0d6-489e-b0ef-8919ce23ceaa,,,,,2024-01-23 13:46:53.446010
5c203225-8dd5-49e8-bf4b-02e8d99fb6e9,,,,,2024-01-23 13:50:12.742493
b4c78069-a50e-4426-abe5-7d663eebdf6f,,,,,2024-01-23 13:54:02.934379
472a0770-e92c-4eef-bac7-91f88854322b,,,,,2024-01-23 13:58:11.702567
f273a244-07e7-48c7-8ee1-92009e3a012a,,,,,2024-01-23 13:51:26.976872
6dc5059c-4325-41fa-a54d-a392f4e43c4b,,,,,2024-01-23 14:39:24.184982
bdfcef6a-7168-41d9-a016-783b6e0bdf40,,,,,2024-01-23 14:39:44.222906
47aad6ae-99cc-4bc0-aa94-764f46d27004,,,,,2024-01-23 14:00:15.097520
2c376d8d-1d5d-4858-8767-448aaef42bca,,,,,2024-01-23 14:08:37.296886
43352154-4908-4406-9e62-82e8599135a5,,,,,2024-01-23 14:13:41.094396
b4bbc84c-066d-4f9d-80bc-c45df22da320,,,,,2024-01-23 14:02:04.270227
8ee3d474-7198-4da6-bef4-95bca213782a,,,,,2024-01-23 14:19:25.132467
57c38c16-c15e-4cf4-95ff-46736bd9a8c1,,,,,2024-01-23 14:24:26.416447
d8bd7db3-6e95-48d1-a0e7-1bed6d6819f1,,,,,2024-01-19 02:46:15.766016
a448604f-b98f-4ca8-b2d0-1531a43271a5,,,,,2024-01-23 14:55:57.058368
e322cf2e-eadb-40fd-88ff-b9033c311d4e,,,,,2024-01-23 14:01:18.071924
f7f832bf-12a3-49b3-b628-66eb1bcf0bea,,,,,2024-01-15 16:05:33.156963
9b85c6da-c5fc-496f-b263-98b358c61c44,,,,,2024-01-22 16:02:56.283349
600d409e-7fcd-4ed0-ba1a-7f416e931bbc,,,,,2024-01-23 14:37:06.135836
c9e0c942-c012-4f81-a170-0b0877c90e6d,,,,,2024-01-23 14:50:57.104742
7f853baa-71a7-4c19-aa6c-112ac7b5d5f0,,,,,2024-01-23 14:46:55.306394
6f22e3b0-69d7-4940-a955-0a9d40f711f6,,,,,2024-01-19 20:21:35.071322
d66e1b1a-2bc7-44af-99e8-10b12f7c78fc,,,,,2024-01-23 14:17:16.971396
74732b75-028a-4fb5-b7b4-b48a6c98a114,,,,,2024-01-23 14:06:56.883690
4e882c07-ed16-4403-82e0-ab8abcd3d928,,,,,2024-01-23 14:57:30.229212
67a187cc-d6f0-4533-8836-924c1746fc90,,,,,2024-01-16 16:25:26.902673
b61b01a1-82d7-4b79-a083-da4cba62a13f,,,,,2024-01-23 15:17:35.089699
75566493-27a6-4e8e-a17c-713598d629e4,,,,,2024-01-23 15:18:12.605886
2cc81886-178b-4152-baa6-0e0256674321,,,,,2024-01-17 13:29:35.372903
0e9f7c62-7d75-4e36-be5d-c99e5f4a959f,,,,,2024-01-23 15:22:53.201764
b31249fd-6536-48a6-bfa3-b22ab8144b11,,,,,2024-01-23 16:05:31.107668
20e520a7-c040-46ba-8243-ab848192f597,,,,,2024-01-23 15:23:49.666708
04162c3f-7433-4653-9951-0f2849e301e4,,,,,2024-01-17 01:44:18.476119
b0f888ad-41a5-4de6-93cc-15e4263c5b36,,,,,2024-01-23 15:40:52.718668
78cc4e54-dff0-4acd-ad78-ddc070b5c08d,,,,,2024-01-15 17:04:48.244934
0cf5ba32-f5a8-4b71-b937-e237f0a26698,,,,,2024-01-23 15:53:09.032815
6fda2db5-20c1-43e2-bd97-748be685f623,,,,,2024-01-23 15:58:36.553880
316e1ae8-0284-4cac-994c-07e71606ba61,,,,,2024-01-23 16:11:18.890933
13009658-cc24-4de9-bbd4-9c8d98e1b7da,,,,,2024-01-15 19:00:29.621568
d71e6494-28e8-404e-8bf9-17dc4f717e0f,,,,,2024-01-23 14:57:31.062975
c9bb7990-8131-4bd9-8639-b5b9d4e1be14,,,,,2024-01-23 16:06:33.262661
d26230dd-1954-407e-92e9-3b0dace418d9,,,,,2024-01-23 16:13:26.437475
6f147e2f-9eab-4ede-9886-9b27df1e13d5,,,,,2024-01-23 16:09:37.712021
7635fd2e-d271-4980-9f6d-a4336dbe349c,,,,,2024-01-23 16:20:22.276550
75c252ae-3de2-41ad-9f80-2e0415a640db,,,,,2024-01-23 16:13:03.684617
44f65b8d-ea22-47ac-92b8-c5cf69f7830b,,,,,2024-01-23 16:23:10.894448
3ae3543d-e04b-41bf-8d5b-1d0cce2ae46b,,,,,2024-01-23 16:30:03.213351
4754e30f-2cd0-435b-89a6-fdb9448bd190,,,,,2024-01-23 16:01:15.661645
63f0f213-6da2-4e42-9781-890557513479,,,,,2024-01-23 16:43:04.138344
e0df4c2b-2543-4f7b-8d8b-545e7aea5746,,,,,2024-01-23 15:40:54.308911
d99646e7-eda4-40b0-826a-9430af19224f,,,,,2024-01-23 16:29:50.277689
9386a680-517e-45be-b828-5820b3aff531,,,,,2024-01-23 17:17:40.333791
1f45aedb-fa6e-4949-a52a-4f493de2345c,,,,,2024-01-23 16:47:13.789579
7e09ac97-d8d5-4b06-abe5-0d82a6661a3d,,,,,2024-01-23 16:55:26.858442
1c739614-0c81-4946-8b6a-e6376931fcf4,,,,,2024-01-23 16:55:54.685628
98eb8a3f-178c-46dd-ae97-c0b73b7e6be1,,,,,2024-01-23 16:54:36.320697
01beacae-049f-44d3-a985-b5b80cc0895a,,,,,2024-01-23 17:02:07.406626
77e16e27-4723-41e1-8cb8-e504d575ed96,,,,,2024-01-17 15:56:12.973113
40d9149a-1d0f-4b7e-8154-d841f562fc4a,,,,,2024-01-23 17:12:44.426591
487353f1-090a-46b6-82d5-cf03f978f32a,,,,,2024-01-23 17:24:39.188224
6663758f-715b-4b85-92f0-620ca9e2b756,,,,,2024-01-23 17:12:46.419684
88127d82-366a-46dd-bf4c-5cb89dcac7c2,,,,,2024-01-23 17:16:19.519144
77d90995-a07a-455f-9bc0-ae1b1c026f6d,,,,,2024-01-23 17:31:06.751637
c2309006-b5e8-4ed9-a0a5-dc6b6b76b493,,,,,2024-01-23 17:20:31.093084
f677db2f-7c85-46de-9159-e9d39445386f,,,,,2024-01-23 17:22:18.505136
ebc3df46-a4b3-4289-9649-704b1241e713,,,,,2024-01-23 17:35:51.044865
588313e2-6d37-4e43-9860-7343661e1341,,,,,2024-01-23 18:25:00.696986
e8d9d675-94f1-40bd-a256-44d2660b9732,,,,,2024-01-15 17:46:01.705660
798b918a-6d3f-4aab-9704-ba9a66bd973d,,,,,2024-01-23 18:26:31.680031
b5837160-47f1-4c11-89db-8bcaba050012,,,,,2024-01-23 18:04:53.004108
eec90784-de09-4650-949a-4fcab48fd057,,,,,2024-01-23 18:28:46.698216
52435e9e-55a0-4ce3-9ba8-56b7f828c6d0,,,,,2024-01-23 18:15:30.087290
319ee20d-0379-45d4-bcad-35cabaf3d92a,,,,,2024-01-23 18:32:40.610691
b6ac8ccd-b903-4f11-8d75-3722ea586585,,,,,2024-01-23 18:36:06.981590
3f86d8e4-f4fc-43eb-97cd-9094f00976e8,,,,,2024-01-23 18:40:22.353591
4090d4a2-6730-42f4-a749-d7d90cc4af93,,,,,2024-01-23 18:33:04.698500
ad9b1019-21a4-424d-b1dc-82418dc6f8e5,,,,,2024-01-23 18:46:31.610171
2f25d7b2-a031-4456-9f0b-aeceb1f13a61,,,,,2024-01-23 18:52:15.753307
6f5c1ede-c592-43b3-b28c-16cd2ee519d3,,,,,2024-01-23 18:48:25.017490
f3578f0a-9fd1-419f-b766-71563209c64e,,,,,2024-01-23 19:02:02.362792
6938bb99-b0af-4986-a285-8c51425f950d,,,,,2024-01-23 18:59:49.031000
e6929f75-cf8a-4c02-9eb4-472084a5443c,,,,,2024-01-23 19:00:52.808761
9172374a-d8b1-4db5-83cf-607a5ea1b74b,,,,,2024-01-23 19:01:16.814341
2453a731-42e0-4c8d-b28f-3a98d1f15360,,,,,2024-01-23 19:22:22.522376
add2b35e-f914-4a27-a621-21eeb37f4483,,,,,2024-01-23 21:10:15.667007
3da64b3d-3487-4f46-912c-18a0960a2d30,,,,,2024-01-23 19:19:03.660961
b4e060c0-ae66-419e-b340-26e8e8a469e1,,,,,2024-01-23 21:11:31.027259
abc5a76e-50cc-417f-ad4c-a606d0df106d,,,,,2024-01-23 19:00:49.082057
48805202-0b3e-47c0-8678-01bc9309bf80,,,,,2024-01-18 12:28:20.961566
1146d661-ef88-494d-b3b4-b251ce422ab4,,,,,2024-01-23 19:33:15.106684
0b90b1dd-0dfe-4b50-ae88-6a87c9578086,,,,,2024-01-23 19:40:18.156287
8529eaac-9517-4b81-89d0-7811b1c34545,,,,,2024-01-23 19:37:50.236561
5a9e4d6d-c4d6-4a41-b4e8-8eeab182008e,,,,,2024-01-23 20:19:26.003908
ad881807-4c69-493e-aec5-e9a48e567ef1,,,,,2024-01-15 18:19:07.388321
c54f960b-8038-408f-8f37-8c08b0e8ba04,,,,,2024-01-23 20:43:26.745721
338135cb-1267-4aac-be9e-1a0136b024eb,,,,,2024-01-23 20:56:57.684492
74643807-a34e-470f-a5ac-ed11911ab57d,,,,,2024-01-17 19:23:55.017508
0c926789-d20f-417f-8211-9a284991e083,,,,,2024-01-23 21:13:11.137180
e75b0d98-2bae-41d0-a4e5-01d3cc1da399,,,,,2024-01-23 21:26:56.290922
15172059-2f6a-468b-b7b7-88485068ab2f,,,,,2024-01-23 21:22:33.606892
2391874e-7c2e-4910-8958-7fa3f4acd7ed,,,,,2024-01-23 21:54:52.330797
c8df4022-0a03-4941-af8c-64e297548564,,,,,2024-01-23 19:43:52.368135
a03e8fa6-e308-4ca3-b5f3-eef200e3877e,,,,,2024-01-23 21:14:48.889066
fabda195-3d73-4714-bb49-f579508f091b,,,,,2024-01-23 21:54:29.497289
f8d0da13-5cb5-4334-93a2-b55867ff6ca7,,,,,2024-01-23 16:37:22.305180
07f5f22f-e9ff-42f3-9abf-6e806e3ea51e,,,,,2024-01-23 22:22:38.693396
582d1d2a-f532-4d1b-8bbc-edc591c1a2f9,,,,,2024-01-23 22:42:41.460400
913966e0-345a-41d0-931b-337e08629808,,,,,2024-01-23 22:50:52.234120
fb31fa66-6efd-4f1c-a5fb-5a6f92583c01,,,,,2024-01-23 23:02:34.619598
bb64725b-b189-4519-8fc7-1fccb5c48fff,,,,,2024-01-23 23:10:54.208955
43c6baf8-f054-41e8-9c5e-f047aa1dcb9f,,,,,2024-01-18 00:46:07.320467
bb988697-7b57-4bde-bd36-bab0e7c40095,,,,,2024-01-23 23:35:55.313593
e7d7ec0e-0373-4eb4-8bbb-f3f495dcc020,,,,,2024-01-23 23:28:04.963024
76d635b6-e763-4191-b0ee-7dd3d1fa5765,,,,,2024-01-24 01:46:21.266464
d0cf17f7-f57e-44ab-b3e1-acfaad8cef2e,,,,,2024-01-23 23:55:37.105836
8155f2af-5f4b-467e-a71d-8635f7e2c581,,,,,2024-01-22 03:21:19.301094
9ba070c7-1377-46b1-a100-ac75a5dfd382,,,,,2024-01-24 01:52:04.431426
a75f1484-a2d4-44d2-9fb6-20158159c48e,,,,,2024-01-24 00:31:51.429028
532be5b3-5502-4cd5-b237-88cf5b8728f1,,,,,2024-01-24 02:20:14.648472
1bf1b9f4-57ba-45d3-8461-4b5c3bb033fc,,,,,2024-01-24 01:00:33.261082
2ed133a4-345d-47c2-ae43-0ae871af7652,,,,,2024-01-24 02:24:17.694996
ade4016b-9e1c-4dc0-a5df-c75908815ef7,,,,,2024-01-24 03:20:37.288917
85c8c038-3fdb-4daa-a9b0-d628b42bfb14,,,,,2024-01-24 02:44:35.943392
2e23a138-c387-4110-8bf7-9facbd72efbb,,,,,2024-01-24 03:21:40.312886
df7fc5e4-ac64-435c-85f1-1612525e6b08,,,,,2024-01-24 04:18:16.522323
0de94c23-54ed-4e1a-96b1-ba3788add357,,,,,2024-01-24 04:41:53.444389
f09f9865-5e2a-42e6-8140-50365f953c22,,,,,2024-01-24 04:57:18.020682
af923256-cc1d-4c7f-85ef-daf1d41e70c7,,,,,2024-01-24 04:02:53.107548
1883809f-e38a-451e-b4a0-246c953f0095,,,,,2024-01-24 04:57:02.391081
27ab94be-fcb4-467c-ad57-d5e6147bf94c,,,,,2024-01-24 05:24:57.538362
a8f177d3-19b4-4003-92a8-32d6f9d34600,,,,,2024-01-24 05:31:49.310934
7388b87c-8193-42b0-8007-718dd240cb9a,,,,,2024-01-24 06:28:09.087522
35f35411-8398-4d1e-9ef6-c74db3fc7352,,,,,2024-01-24 08:36:08.321815
d302997f-4e78-414e-b934-21606630d794,,,,,2024-01-24 06:28:14.621992
d55df5b4-a052-4bfb-9f7c-8582bc7d0b59,,,,,2024-01-24 06:44:52.642698
8b53f357-7db9-44e1-a600-27b277e3c2a8,,,,,2024-01-24 06:35:17.065663
0739dc99-fd6f-41a9-8ebe-e28005197d17,,,,,2024-01-24 09:02:58.285524
453d1667-4793-435e-b9bb-46f9d34d9e95,,,,,2024-01-24 07:28:30.567086
c8fea0c0-ebe0-4aef-9cea-0fbcf18ff2c7,,,,,2024-01-24 07:34:44.520747
e46bedcb-6670-46ff-8958-59f5d0e59f75,,,,,2024-01-24 07:51:55.346784
0c16e8bc-31d9-4e1f-8a2a-bea8e8c9bb56,,,,,2024-01-24 09:01:44.290703
72d7565d-0441-4aa4-a7a0-ec91b1322111,,,,,2024-01-24 07:52:40.833609
4b8ba02c-8c8d-4b69-b26b-0e8eb4740280,,,,,2024-01-24 08:32:43.846184
4b8dbc69-154a-40ab-ab67-630a160c6c2a,,,,,2024-01-24 10:07:28.493137
43a0bbd6-fabc-40a1-8e2c-506f6df78b32,,,,,2024-01-24 09:15:25.756554
b2db5bec-bb80-4c5a-b56a-b3b07afb431f,,,,,2024-01-24 09:19:16.680790
69b6a68c-5755-490b-862e-7d1c2d260e97,,,,,2024-01-24 09:33:54.061480
566cfd48-e1e0-4498-8fce-3f8ac81923d7,,,,,2024-01-24 09:50:51.392498
5e091ca2-df67-4517-9753-8cf8d9dd40f0,,,,,2024-01-24 10:27:50.287498
208497b1-4537-4a2f-aa8a-5cab53390ff5,,,,,2024-01-24 10:29:21.464612
eea1dc5b-c492-4ff5-a3f5-5eeef2c9d61a,,,,,2024-01-24 10:25:48.466606
a85dd027-4eb5-4760-80c1-53e1b01dec4b,,,,,2024-01-24 10:49:47.867462
d43fa7a2-9371-48b9-b5af-0c90bfa158e9,,,,,2024-01-24 11:00:23.577293
ff79cace-fb9a-4e0c-974c-8e941fd7ce67,,,,,2024-01-24 10:49:29.435749
cf598532-bb6e-45dd-a3c5-7942ba67fcf4,,,,,2024-01-24 11:05:25.387242
685d572e-d6f3-4542-9e44-130f45848310,,,,,2024-01-24 11:25:20.507700
4ebe6959-08dc-4171-bc18-d8f0a3f5354b,,,,,2024-01-24 11:57:26.115437
5bbef78f-891a-44db-9e68-58846a96ea1e,,,,,2024-01-15 18:03:30.956503
93a003da-8db1-4a2a-9b56-fc9e9c59226b,,,,,2024-01-24 13:54:20.839149
75da7ac3-08d5-4ac2-8672-c5e5547fc2b7,,,,,2024-01-24 11:44:31.469470
9ae68360-50e7-439b-a1cc-b3e8aee936e1,,,,,2024-01-23 19:56:15.643882
2ec806f2-601f-4a39-8b81-b654a7daf8a7,,,,,2024-01-24 12:22:23.234897
ea6bdc10-b4c3-4ed5-9bee-dd37e97f9d15,,,,,2024-01-24 12:28:38.849369
4d984463-61c3-40e8-b07f-1f73c92ae3e8,,,,,2024-01-24 12:51:00.732255
9e74fe5d-4db6-42d0-be53-fc990d56fc57,,,,,2024-01-24 13:14:49.171016
453481cf-5d16-4be4-b66a-e190f206f0f8,,,,,2024-01-24 13:12:04.428837
06a4ed3f-2f53-4348-9d33-788dc49c5991,,,,,2024-01-24 13:57:51.028177
95b9062b-334a-4c53-9b6a-19c417f9ba3e,,,,,2024-01-24 11:42:42.472382
cad148cd-ad7e-44ea-8d18-896841a6b3d1,,,,,2024-01-24 13:50:30.036586
3494f7a1-5c9d-4877-9cd0-cec91558ef09,,,,,2024-01-24 13:26:38.508738
e09658f7-6db9-4064-9468-230d2cb1bfc7,,,,,2024-01-24 13:42:37.700808
d53e2e2e-617b-41f4-ad16-f802d0e9d314,,,,,2024-01-24 13:43:18.976705
6069006c-7d4f-489f-afd4-4f0657158f22,,,,,2024-01-24 14:11:00.044423
0b467701-33a2-4c22-9a36-9b5b958656ec,,,,,2024-01-24 13:59:55.424269
941715b1-df05-49dd-9243-a1e3dfaf7b8c,,,,,2024-01-24 14:00:42.555863
02005c1c-2fc9-4d40-ae4d-5217cb33bd5a,,,,,2024-01-24 12:53:25.710669
294eb66e-d3a3-4ec3-b1ba-52e40b93b108,,,,,2024-01-24 13:44:19.312599
0c1c7354-f4b8-418b-a776-c2eb5a9a2c15,,,,,2024-01-24 14:21:52.280490
ebfa1a78-04f1-4aaa-b869-d060d94031a2,,,,,2024-01-24 14:08:16.768072
a097a307-c51f-48ec-8d69-9180dd645335,,,,,2024-01-24 14:07:52.194486
fb536947-7223-4df0-85cf-444e3235a7aa,,,,,2024-01-24 14:01:17.583775
2e176db5-56e2-4a5a-9ac9-dd1f2a9bf1a4,,,,,2024-01-24 14:14:07.384880
f0f4ecb8-4c6a-40e5-b3b1-c335d944ad82,,,,,2024-01-24 13:55:32.497766
a70a4164-b396-44e7-9e09-f69b934cf579,,,,,2024-01-24 14:29:04.658481
ca2e4fd5-49de-4047-82fb-51e630780cc0,,,,,2024-01-24 14:28:43.035466
f3fdd1f4-95bb-45cf-bdec-95ecfeb94efa,,,,,2024-01-24 15:16:21.753704
1cc81476-e0f3-4b15-8d94-60c3756d0d95,,,,,2024-01-24 15:17:17.978591
2c602acb-0273-4bb9-b801-797e533a716e,,,,,2024-01-24 14:54:58.442658
00d1bc7e-b15b-4791-bc90-b44906eabbd1,,,,,2024-01-17 15:54:26.778410
1bb99003-aa24-4249-80e0-4412eea34b8c,,,,,2024-01-24 14:54:26.515643
6522fc30-0fbe-42a9-bdb3-069705fd75bd,,,,,2024-01-18 15:01:29.359396
f516c699-8646-4db9-b707-60f7cf868e3c,,,,,2024-01-24 15:40:33.821144
feacdae7-2eff-4f6e-a1bf-1c542db8c585,,,,,2024-01-24 15:29:55.528368
64bc9dfc-191f-41cd-b485-f211f5aeb9f6,,,,,2024-01-23 13:39:10.215523
ffb8bfca-c3eb-4ff1-bdd6-5ed3776f24a9,,,,,2024-01-24 15:54:19.650143
b8dd9039-911a-408c-804a-b6be09e6bf2a,,,,,2024-01-24 14:52:38.954326
c61f6c33-9d3b-4d8c-ba31-f7c7fb2cd6bc,,,,,2024-01-24 13:28:51.635430
bdc99076-2e5d-4675-a219-69a335edaf1d,,,,,2024-01-24 15:15:00.795548
6d7111ae-dd44-4b01-92dd-87971c912a5a,,,,,2024-01-24 15:24:42.790372
20b6b06a-2ca7-469e-b3b4-e84ce1e2a149,,,,,2024-01-24 15:23:05.148931
21a7f8c7-d714-4afd-8046-11698adf1eef,,,,,2024-01-24 16:14:45.509411
6bea3f88-15fd-4711-a57e-b133e5a2f400,,,,,2024-01-24 16:23:29.336142
8e8ad616-ac0a-4e4b-9e22-98dc1fde8f6a,,,,,2024-01-24 16:32:22.626871
aa60bae5-38c8-4924-8bbf-f7f15e090923,,,,,2024-01-24 16:46:05.359075
c8789117-414c-482e-a641-bf93e5913b1b,,,,,2024-01-23 14:35:31.406719
0695ee7f-6494-4b40-9d71-c93500f27aef,,,,,2024-01-24 17:19:52.319085
7b53ff3c-0e63-40bc-968b-139675842596,,,,,2024-01-24 17:40:41.059763
2a810ea7-0944-421a-b288-fbdf53d70c03,,,,,2024-01-24 16:06:17.638136
ce0b7650-4d28-4fd2-8509-0fab515e71dd,,,,,2024-01-24 18:01:08.419199
f63be199-5427-4f52-8210-bce73bf0cec2,,,,,2024-01-24 19:21:38.491677
83aac90f-69a7-44ab-86be-3eddfb57084b,,,,,2024-01-24 18:59:07.232448
3b5453ac-3eb9-423c-a7e5-749fc2cc272b,,,,,2024-01-24 19:14:28.541281
44b6e6f8-940d-4679-ac13-31eae564409f,,,,,2024-01-24 19:27:21.660962
323fd74f-3026-48e5-a9a1-846acd9572c3,,,,,2024-01-24 14:09:49.505901
f01c3fba-50be-4e7c-a227-f984356b01fa,,,,,2024-01-24 20:35:03.777881
d0a08443-83b4-47fe-b486-031ddd7dc6db,,,,,2024-01-18 01:38:01.162200
627cb979-bfd9-4844-bdd7-79f094e5690e,,,,,2024-01-24 20:32:27.052180
2f202a74-c3c6-4113-85de-d4981f6512cf,,,,,2024-01-24 21:36:34.012701
aad65c28-a250-431c-ad4a-a4e88370b2e0,,,,,2024-01-24 21:30:52.330985
2289f454-8322-451b-a549-2d504bb7269e,,,,,2024-01-24 21:48:22.313296
4ed4db66-70a6-426f-a9b4-d4c7b192796a,,,,,2024-01-24 21:26:55.208252
356708f5-516b-43f0-b677-855737acf8d3,,,,,2024-01-24 22:17:23.165655
8f9358e9-5b35-47e0-b28e-67ad62ce937b,,,,,2024-01-24 21:43:34.402571
75f6ec40-55e0-4f82-8e4f-a7475365b577,,,,,2024-01-24 22:35:08.451047
41fc9687-89a9-4490-9ab2-3494328b2a3e,,,,,2024-01-24 22:35:16.759923
ad33fda9-285d-4802-8617-9aed04df8fab,,,,,2024-01-24 22:33:05.642325
f5200d85-c93a-470f-9e3d-48c2da7b6a94,,,,,2024-01-24 23:53:25.250675
0d3791c1-768f-46b7-a0e6-0474e3d9f126,,,,,2024-01-25 00:14:35.554620
b5d7b2de-0048-4c3e-94a4-ad500d11d7b9,,,,,2024-01-24 17:49:02.970649
f5896c32-5e8e-4d4f-9d00-33a9d332c6fb,,,,,2024-01-24 17:46:27.509619
1045d9c9-d7f8-42ac-93f3-03c49428318a,,,,,2024-01-24 23:49:50.754027
bca9551d-82d8-4403-929b-0f22d5e6cdb5,,,,,2024-01-25 00:23:16.298799
c69001aa-9aae-4813-99e7-ea2082ab0539,,,,,2024-01-25 01:26:50.500556
d3914e7a-778b-4801-8096-7be439283920,,,,,2024-01-25 00:33:00.856070
8fba85b3-2a1e-4ac7-95c8-fb4c4e0a9e72,,,,,2024-01-24 18:24:54.676734
51f8fc90-a0e7-4a5c-b9d3-6a5f6ecdc31e,,,,,2024-01-23 15:50:21.242086
13e1c9c4-aae4-441d-9f6b-e537888995dc,,,,,2024-01-25 04:02:10.073430
4f92c9f0-a6d4-47e1-95ed-e31246b5bc42,,,,,2024-01-26 12:31:57.666099
366f3269-5c9a-47c4-a205-0f51b8952836,,,,,2024-01-25 02:08:37.852135
bffe6220-e555-41f6-8447-c88d0167c1d8,,,,,2024-01-25 13:48:24.244524
8179b903-33aa-43f8-9b07-3471e3c8c7ee,,,,,2024-01-23 23:01:56.299438
10e3ba31-d786-489a-86c9-70d6c4b5c5c2,,,,,2024-01-18 12:37:12.301922
c45d33d7-3f51-4c56-bf24-b919aa586254,,,,,2024-01-25 04:53:56.500918
38222360-1eef-4165-bda1-8d75d4888e49,,,,,2024-01-24 20:42:10.968910
0d4ba426-eace-428e-9834-207075baea12,,,,,2024-01-25 07:46:02.476883
5988af46-d588-4c82-a3a6-b27fef6bc694,,,,,2024-01-25 01:43:13.666833
c4e5b3e1-3c04-4169-a308-87cee8830ea6,,,,,2024-01-25 01:49:31.699047
6a4557a6-c062-4d9e-bdd7-554cce0c6872,,,,,2024-01-26 17:38:24.631855
e3f779b5-c866-43ef-9022-f7719da7a358,,,,,2024-01-25 09:01:02.227352
2ed702c4-78c1-4bcd-a4c3-3b695d1eb774,,,,,2024-01-25 01:56:46.148503
d55aeeb1-2cf0-4c1f-ab19-5e118bf7d215,,,,,2024-01-25 01:57:12.825382
c6d87b4b-dab5-49dd-af5c-201e131b2c73,,,,,2024-01-25 02:02:32.342386
f0352548-0f5d-43be-b716-ef509724e84e,,,,,2024-01-17 08:07:45.543900
5d1ab611-7ae8-4e41-aa52-6c50c9d8ad5a,,,,,2024-01-25 03:25:52.389345
2adb7df2-00d1-41d7-96bf-ccc6a829c06a,,,,,2024-01-25 06:47:24.881327
6527f21e-b556-4128-b48e-790bdd1c3d5f,,,,,2024-01-25 08:39:39.268471
9c2bf7f7-4157-4609-b85e-6c2d495ecdda,,,,,2024-01-26 19:27:50.430753
10c4cb06-328c-405a-8567-536059c258cb,,,,,2024-01-25 09:16:58.780593
917d1cbc-3f19-4de8-9d8f-a47950dbc80c,,,,,2024-01-25 13:14:31.222599
477e73d2-86ae-4e1e-9c3a-25dcf02ee480,,,,,2024-01-26 16:48:50.209523
1c27bf78-3a70-4153-8b53-12a3efe0f40f,,,,,2024-01-26 21:10:52.250499
99680917-282d-4d6a-9748-b7d5be08b280,,,,,2024-01-26 20:35:06.797911
d6323cc6-855e-4ef8-ae84-efc9a62b74fd,,,,,2024-01-25 13:50:24.774593
705c5604-92fc-4754-81fd-cd9358603ef0,,,,,2024-01-24 21:41:53.839233
00c2b214-49c0-44c7-a32f-745f6e08d55e,,,,,2024-01-25 16:35:16.279259
2dccca0b-b9a1-4e0e-b12a-e39004ae4932,,,,,2024-01-25 21:31:10.374876
a941c365-9915-4047-a2fd-fc2432ac1e85,,,,,2024-01-25 22:06:07.989447
bb70bf60-a98c-44c8-91f0-4c5b1269c1a7,,,,,2024-01-25 22:23:37.740405
0a1815cd-a0f0-4b55-9a6f-eb0ed86fe6cb,,,,,2024-01-26 02:16:20.317932
8990498c-6c48-40b7-b8f3-8dc045b71dbd,,,,,2024-01-24 07:18:23.155304
9a0af2e1-1ad6-4a42-afaf-08219796c0ff,,,,,2024-01-25 16:20:48.744901
3c5ac697-75e6-4e7e-bb0a-2900348cdabe,,,,,2024-01-26 11:38:40.029454
e83d8a7c-db68-4b11-9251-f99f2949ab71,,,,,2024-01-23 12:57:08.379629
392c995e-bb26-4f38-987b-bf1a8cd989f6,,,,,2024-01-26 14:18:31.311956
6bbde207-d2b5-4866-91f2-ee98713255ee,,,,,2024-01-26 15:55:53.663346
fc0f6bed-2bb6-4ad3-8518-b7beccdad341,,,,,2024-01-26 16:56:51.426713
a39912d2-bc4d-4ad1-9548-86a87d8bef15,,,,,2024-01-25 16:58:35.485914
69ecb5ef-aa9e-4010-bf38-62ef9f929d36,,,,,2024-01-23 18:14:35.155623
c553e7ea-ec5e-427a-a4cc-8a0fbf8fd368,,,,,2024-01-19 16:24:53.529658
